id	type	label
A1	A	Abbott, Anderson & Abbott Ltd.
A2	A	Abdulla & Co. Ltd.
A3	A	Aberdare Cables Ltd.
A4	A	Aberdeen & Commonwealth Line
A5	A	Abietsan Manufacturing Co. Ltd.
A6	A	Abril Corp. (Gt. Britain) Ltd.
A7	A	Abwood Tool & Engineering Co. Ltd.
A8	A	A. C.-Sphinx Sparking Plug Co. Ltd.
A9	A	Accles & Pollock Ltd.
A10	A	Acheson Colloids Ltd.
A11	A	Ackermann (Simon) Ltd.
A12	A	Ackroyd Bros. Ltd.
A12a	A	Acme Transport Co. Ltd.
A13	A	Acme Wringers Ltd.
A14	A	Acton Bolt Ltd.
A15	A	Adams (Thomas) Ltd.
A16	A	Adams (W. J.) & Co. Ltd.
A17	A	Adamson (Daniel) & Co. Ltd.
A18	A	Adastra (Glenny & Hartley) Ltd.
A19	A	Addalloy Metal Co. Ltd.
A20	A	Adeps Lanae Ltd.
A21	A	Adrema Ltd.
A22	A	Aero Research Ltd.
A23	A	Aerograph Co. Ltd.
A24	A	A. F. N. Ltd.
A25	A	Ainsworth & Sons Ltd.
A26	A	Air Service Training Ltd.
A27	A	Aircraft Materials Ltd.
A28	A	Airedale Hand Loom Weaving Co. Ltd.
A29	A	Airmec Laboratories Ltd.
A30	A	Airspeed Ltd.
A31	A	Albion Engineering Co. Ltd.
A32	A	Albright & Wilson Ltd.
A33	A	Alder Textiles (Nelson)Textiles Nelson
A34	A	Aldis Bros. Lid.
A35	A	Aldwinckle (A. O.) & Co. Ltd.
A36	A	Alexander (G. H.), (Machinery) Ltd.
A37	A	Alexandra Mill Co. Ltd.
A38	A	Alfa Strings Ltd.
A39	A	Alginate Industries Ltd.
A40	A	Allam (E. P.) & Co. Ltd.
A41	A	Allard Motor Co. Ltd.
A42	A	Allcard (H. G.) & Co. Ltd.
A43	A	Allen (Edgar) & Co. Ltd.
A44	A	Allen (Stafford) & Sons Ltd.
A45	A	Allen & Hanburys Ltd.
A45a	A	Allen, Solly & Co. Ltd.
A46	A	Allied Laboratories Ltd.
A47	A	Allied Metals Ltd.
A48	A	Alma Ltd.
A49	A	Alma & Cranmore Tube Co. Ltd.
A50	A	Alpha Leather & Rubber Co. Ltd.
A51	A	Alvis Ltd.
A52	A	Amalgamated Dental Co. Ltd.
A53	A	Amalgams Co. Ltd.
A54	A	 Ambassador (The)
A55	A	Ambler (Thos.) & Sons Ltd.
A56	A	American Cyanamid Company (Lederle Laboratories Division)
A57	A	Ames Crosta Mills & Co. Ltd.
A58	A	Amex Co. Ltd.
A59	A	Anchor Chemical Co. Ltd.
A60	A	Anderson (D.) & Son Ltd.
A61	A	Anderson (D. & J.) Ltd.
A62	A	Andre (Components) Ltd.
A63	A	Andre Rubber Co. Ltd.
A64	A	Andrew (George) & Sons Ltd.
A64a	A	Anglo-Continental Wool Co. Ltd.
A65	A	Anglo-Iranian Oil Co. Ltd.
A65a	A	Anglo-Overseas Transport Co. Ltd.
A66	A	Anglo-Scottish Tool Co. Ltd.
A67	A	Anglo X. L. Chewing Gum Co. Ltd.
A68	A	Angora (Birstall) Ltd.
A69	A	Angostura Bitters (London) Ltd.
A70	A	Angus (George) Ltd.
A71	A	Annolt (H.)
A72	A	Anti-Attrition Metal Co. Ltd.
A73	A	A. P. Components Ltd.
A74	A	A. P. V. Co. Ltd.
A75	A	Aquascutum Ltd.
A76	A	Ar-Kay Products Ltd.
A77	A	Arbon, Langrish & Co. Ltd.
A78	A	Ardath Tobacco Co. Ltd.
A79	A	Archdale (James) & Co. Ltd.
A80	A	Ariel Motors Ltd.
A81	A	Arlington Plastics (Export) Ltd.
A82	A	Armoride (Sales) Ltd.
A83	A	Armstrong-Powers Trading Co. Ltd.
A84	A	Armstrong-Siddeley Motors Ltd.
A85	A	Armstrong-Whitworth (Sir W. G.) Aircraft Ltd.
A86	A	Armstrong's Patents Co. Ltd.
A87	A	Arnold (Andrew) Ltd.
A88	A	Arnott (James) & Sons Ltd.
A89	A	Ashdowns Ltd.
A90	A	Ashe Laboratories Ltd.
A91	A	Ashwell & Nesbitt Ltd.
A92	A	Ashworth (Geo. L.) & Bros. Ltd.
A93	A	Asletta Fashions Ltd.
A94	A	Asquith (William) Ltd.
A95	A	Associated British Machine Tool Makers Ltd.
A96	A	Associated British Maltsers Export Co. Ltd.
A97	A	Associated British Oil Engines Ltd.
A98	A	Associated Equipment Co. Ltd.
A99	A	Associated Humber Lines
A100	A	Associated Motor Cycles Ltd.
A101	A	Associated Weavers Ltd.
A102	A	Astardjian (B. & S. H.)
A103	A	Aston-Martin Ltd.
A104	A	Atkinson (J. & E.) Ltd.
A105	A	Atkinson (R.) & Co. Ltd.
A106	A	Atlas Union Shoe Co. Ltd.
A107	A	Audley Engineering Co. Ltd.
A108	A	Ault & Wiborg Ltd.
A109	A	Äuster Aircraft Ltd.
A110	A	Austin Motor Co. Ltd.
A111	A	Auto-Klean Strainers Ltd.
A112	A	Automatic Coil Winder & Electrical Equipment Co. Ltd.
A113	A	Automatic Telephone & Electric Co. Ltd.
A114	A	Automotive Products Co. Ltd.
A115	A	Autotype Co. Ltd.
A116	A	Avalon Leather Board Co.
A117	A	Aveling Barford Ltd.
A118	A	Aviation Developments Ltd.
A119	A	Avimo Ltd.
A120	A	Avon India Rubber Co. Ltd.
A121	A	Aynsley (John) & Sons Ltd.
A122	A	Bailey (A.) & Co. Ltd.
A123	A	Bailey (E.) & Co.
A124	A	Baird & Tatlock (London) Ltd.
A125	A	Bairnswear Ltd.
A126	A	Bairnswear Knitwear Ltd.
A127	A	Bakelite Ltd.
A128	A	Baker (G. P. & J.) Ltd.
A129	A	Baker (M.) Ltd.
A130	A	Baldwin Instrument Co. Ltd.
A131	A	Balfour (Arthur) & Co. Ltd.
A132	A	Ballantyne Sportswear Co. Ltd.
A133	A	Ballito Hosiery Mills Ltd.
A134	A	Balmforth (E. B.) Ltd.
A135	A	Balstone Cooke & Rayonese Ltd.
A136	A	Bamfords Ltd.
A137	A	Bancroft Engineering Co. Ltd.
A138	A	Baracuta (Clothiers) Ltd.
A139	A	Barber & Colman Ltd.
A140	A	Barbour (William) & Sons Ltd.
A141	A	Barnet Ensign Ross Ltd.
A142	A	Barr, Muir & Co. Ltd.
A143	A	Barraclough (Edmund & Sons) Ltd.
A144	A	Barrie (Chester) Ltd.
A145	A	Barrie & Kersel
A146	A	Barrow, Hepburn & Gale Ltd.
A147	A	Barrus (E. P.) (Concessionnaires) Ltd.
A148	A	Barry, Östlere & Shepherd Ltd.
A149	A	Barter Trading Corp. Ltd.
A150	A	Bartlett Mfg Co. Ltd.
A151	A	Barwell (James) Ltd.
A152	A	Bastard Ltd.
A153	A	Bates & Co. (Huddersfield) Ltd.
A154	A	Batger & Co. Ltd.
A155	A	Battersby & Co. Ltd.
A156	A	Bauer & Thornton Ltd.
A157	A	Bay Leather Co. Ltd.
A158	A	Bayer (Charles) & Co. (1931) Ltd.
A159	A	B. B. Chemical Co. Ltd.
A160	A	B. C. International Ltd.
A161	A	Bearings & Accessories Ltd.
A162	A	Beasley, French & Co. Ltd.
A163	A	Beatus (Jacob) Ltd.
A164	A	Beck & Co. Ltd.
A165	A	Beck, Koller & Co. (England) Ltd.
A166	A	Bedford lorries: Vauxhall Motors Ltd.
A167	A	Bedford (John) & Sons Ltd.
A168	A	Beechams Pills Ltd.
A169	A	Beechwood Ltd.
A170	A	Behrens (Louis) & Sons Ltd.
A171	A	Bell (H. M.) & Co.
A172	A	Bell & Sons Ltd.
A173	A	Bell Giddins & Co. Ltd.
A174	A	Bell Punch Co. Ltd.
A175	A	Bell & Harwood Ltd.
A176	A	Bell's Asbestos & Engineering Co. Ltd.
A177	A	Belling & Lee Ltd.
A178	A	Ben Line Steamers Ltd.
A179	A	Bender & Cassel Ltd.
A180	A	Bendit (Julius) Ltd.
A180a	A	Bennett Steamship Co. Ltd.
A181	A	Benson’s Toolworks Ltd.
A182	A	Bentley (David) Ltd.
A183	A	Bentley Engineering Co. Ltd.
A184	A	Bentley Motors (1931) Ltd.
A185	A	Benton & Stone Ltd.
A186	A	Berend & Berend Ltd.
A187	A	Berendsen (S.) Ltd.
A188	A	Beresford & Hicks Ltd.
A189	A	Berger (Lewis) & Sons Ltd.
A190	A	Berglas Bros.
A191	A	Berk (F. W.) & Co. Ltd.
A192	A	Berridge (I. L.) & Co. Ltd.
A193	A	Berry (Henry) & Co. Ltd.
A194	A	Berry, Wiggins & Co. Ltd.
A195	A	Best, Innes & Co.
A196	A	Bevington & Sons
A197	A	Bibby Bros. & Co. Ltd.
A198	A	Bier (I.) & Son (Iron & Steel) Ltd.
A199	A	Bifurcated & Tubular Rivet Co. Ltd.
A200	A	Bigwood (Joshua) & Son Ltd.
A201	A	Binney & Smith & Ashby Ltd.
A202	A	Binns (J. H.) & Co. Ltd.
A203	A	Bird (Alfred) & Sons Ltd.
A204	A	Birkin & Co. Ltd.
A205	A	Birmingham Battery & Metal Co. Ltd.
A206	A	Bitulac Ltd.
A207	A	Bjorlow (Gt. Britain) Ltd.
A208	A	B. K. L. Alloys Ltd.
A209	A	Black & Decker Ltd.
A210	A	Blackburn (George) & Son Ltd.
A211	A	Blackburn (J.) & Co. Ltd.
A212	A	Blackstaff Flax Spinning & Weaving Co. Ltd.
A213	A	Blackwood, Morton & Sons Ltd.
A214	A	Blakeley (William) & Co. Ltd.
A215	A	Blakeys Boot Protectors Ltd.
A216	A	Blankhorn, Richardson & Co. Ltd.
A217	A	Blaw-Knox Ltd.
A218	A	Bleeker, Bick & Co. Ltd.
A219	A	Bleistein & Co. Ltd.
A220	A	Blen-Chi Tea Co. Ltd.
A221	A	Blin & Blin (Textile Fabrics) Ltd.
A222	A	Block & Anderson Ltd.
A223	A	Blond Bros.
A224	A	Blue Funnel Line (Alfred Holt & Co.
A225	A	Bluemel Brothers Ltd.
A226	A	Blyth, Greene, Jourdain & Co. Ltd.
A227	A	Blythe Colour Works Ltd.
A228	A	B. & M. Tanneries Ltd.
A229	A	Boake, Roberts (A.) & Co. Ltd.
A230	A	Boldsworth Industries Ltd.
A231	A	Bolton (Thos.) & Sons Ltd.
A231a	A	Boneham & Turner Ltd.
A232	A	Booth (Henry) & Co. Ltd.
A233	A	Booth & Colclough Ltd.
A234	A	Booth Steamship Co. Ltd.
A235	A	Booths Distilleries Ltd.
A236	A	Boots Pure Drug Co. Ltd.
A237	A	Borax Consolidated Ltd.
A238	A	Borg & Beck Co. Ltd.
A239	A	Boulton Bros. Ltd.
A240	A	Bound-Brook Bearings (G. B.) Ltd.
A241	A	Bourne Chemical Industries Ltd.
A242	A	Bovril Ltd.
A243	A	Bowring, Jones & Tidy Ltd.
A244	A	Bradbury & Sons Ltd.
A245	A	Bradley’s-Darlaston Ltd.
A246	A	Bradley & Foster Ltd.
A247	A	Braime (T. F. & J. H.) Ltd.
A248	A	Brain (E.) & Co. Ltd.
A249	A	Brainos & Co.
A250	A	Braithwaite (Isaac) & Son (Drysalters) Ltd.
A251	A	Braithwaite & Co. Structural Ltd.
A252	A	Brake Linings Ltd.
A253	A	Bramigk & Co. Ltd.
A254	A	Brammer (H.) & Co. Ltd.
A255	A	Brand & Co. Ltd.
A256	A	Bray (Alfred) & Sons Ltd.
A257	A	Bray (Geo.) & Co. Ltd.
A258	A	Brazilian Warrant Co. Ltd.
A259	A	Brear (E.) & Co. Ltd.
A260	A	Brennan (Joseph) & Sons Ltd.
A261	A	Bridge of Weir Leather Co. Ltd.
A262	A	Bridger (R. O.) & Co. Ltd.
A263	A	Bridges (S. N.) & Co. Ltd.
A264	A	Bristol Aeroplane Co. Ltd.
A265	A	Bristol-Myers Co. Ltd.
A266	A	Bristol’s Instrument Co. Ltd.
A267	A	Britains Ltd.
A268	A	Britannia Batteries Ltd.
A269	A	Britannia Tube Co. Ltd.
A270	A	British American Optical Co. Ltd.
A271	A	British-American Tobacco Co. Ltd.
A272	A	British Anchor Pottery Co. Ltd.
A273	A	British Belting & Asbestos Ltd.
A274	A	British Bluefries Wharfage & Transport Ltd.
A275	A	British Buttner Pipes Co.
A276	A	British Celanese (Overseas) Ltd.
A277	A	British Central Electrical Co. Ltd.
A278	A	British Chemicals & Biologicals Ltd.
A279	A	British Clearing Machine Co. Ltd.
A280	A	British Cod-Liver Oils (Hull & Grimsby) Ltd.
A281	A	British Driver-Harris Co. Ltd.
A282	A	British Drug Houses Ltd.
A283	A	British Drug Houses Ltd. (Laboratory Chemicals Group)
A284	A	British Dyewood Co. Ltd.
A285	A	British Electronic Products (1948) Ltd., Rugeley, Staffs.British Engineer's Small Tools & Equipment Co. Ltd. (BESTEC)
A286	A	British European Airways Corporation
A286a	A	British & Foreign Marine Insurance Co. Ltd.
A287	A	British Glandular Products Ltd.
A288	A	British Heat Resisting Glass Co. Ltd.
A289	A	British India Steam Navigation Co. Ltd.
A290	A	British Industrial Solvents Ltd.
A291	A	British Iron & Steel Corporation Ltd.
A292	A	British Jeffrey-Diamond Ltd.
A293	A	British Kaumagraph Transfers Ltd.
A294	A	British Leather Co. Ltd.
A295	A	British Machine Chain Co. Ltd.
A296	A	British Metal Corporation Ltd.
A297	A	British Moulding Machine Co. Ltd.
A298	A	British Overseas Airways Corporation
A299	A	British Physical Laboratories Ltd.
A300	A	British Railways (Railway Executive)Railways Executive
A301	A	British Resin Products Ltd.
A302	A	British Rola Ltd.
A303	A	British Ropes Ltd.
A304	A	British Schering Ltd., London W 1. British Sisalkraft Ltd. — see J. H. Sankey & Son
A305	A	British Steel Piling Co. Ltd.
A306	A	British Technical Cork Products Ltd.
A307	A	British Thermostat Co. Ltd.
A308	A	British Timken Ltd.
A309	A	British Titan Products Co. Ltd.
A310	A	British United Shoe Machinery Co. Ltd.
A311	A	British United Traction Ltd.
A312	A	British Vacuum Cleaner & Engineering Co. Ltd.
A313	A	British Wedge Wire Co. Ltd.
A314	A	Broadhead & Conyers
A315	A	Broadhead & Graves Ltd.
A316	A	Brockhouse (J.) & Co. Ltd.
A317	A	Brockhouse Engineering (Southport) Ltd.
A318	A	Brocklehurst-Whiston Amalgamated Ltd.
A318a	A	Brody, Sumray & Co. Ltd.
A319	A	Bronnley (H.) & Co. Ltd.
A320	A	Brook (C. B.) & Co. Ltd.
A321	A	Brook (J. & D.) L.td.
A322	A	Brook Motors Ltd.
A323	A	Brook, Taverner & Co. Ltd.
A324	A	Brooke (John) & Son Ltd.
A325	A	Brooke Bond & Co. Ltd.
A326	A	Brooke Tool Manufacturing Co. Ltd.
A327	A	Brooks (J. B.) & Co. Ltd.
A328	A	Brooks Ring Traveller Co. Ltd.
A329	A	Broom & Wade Ltd.
A330	A	Brovex Ltd.
A331	A	Brown (David) Machine Tools Ltd.
A332	A	Brown (David) & Sons (Huddersfield) Ltd.
A333	A	Brown (John S.) & Sons Ltd.
A334	A	Brown (S. G.) Ltd.
A335	A	Brown Bailey's Steel Works Ltd.
A336	A	Brown & Polson Ltd.
A337	A	Bruntons (Musselburgh) Ltd.
A338	A	Bryan (E. W.) Ltd.
A339	A	Bryan (Frank) Ltd.
A340	A	Bryant (Robert) Ltd.
A341	A	Bryant & Co.
A342	A	Brylcreem Products Ltd.
A343	A	B. S. A. Cycles Ltd.
A344	A	B. S. A. Tools Ltd.
A345	A	Buchanan (James) & Co. Ltd.
A346	A	Buckingham (J. H.) & Co. Ltd.
A347	A	Buffalo Products Ltd.
A348	A	Bull (John) Rubber Co. Ltd.
A349	A	Bullard, King & Co. Ltd. (Natal Line)
A350	A	Burberrys Ltd.
A351	A	Burditt (G. F.) & Co.
A352	A	Burgess, Ledward & Co. Ltd.
A353	A	Burgess Products Co. Ltd. (Micro Switch Divis.)
A354	A	Burgess Products Co. Ltd. (Silencer & Acoustical Division)
A355	A	Burnerd (F.) & Co. Ltd.
A356	A	Burnett (Sir Robert) & Co. Ltd.
A356a	A	Burns (Stephen)Burns Stephen
A357	A	Burrough (James) Ltd.
A358	A	Burroughs, Wellcome & Co. Ltd.
A359	A	Burtonwood Engineering Co. Ltd.
A360	A	Burvill & Burbidge
A361	A	Bury Felt Manufacturing Co. Ltd.
A362	A	Busby, Winter & Co. Ltd.
A363	A	Bush (W. J.) & Co. Ltd.
A364	A	Business Dictionaries Ltd.
A365	A	Butler Machine Tool Co. Ltd.
A366	A	Butterworth British Automatic Machine Tool Co. Ltd.
A367	A	B. X. Plastics Ltd.
A368	A	Byford (D.) & Co. Ltd.
A369	A	Bylock Electric Ltd.
A370	A	Cable & Wireless Ltd.
A371	A	Cadbury Bros. Ltd.
A372	A	Cairns Cycle & Accessory Mfg Co. Ltd.
A373	A	Cairo Mills Ltd.
A374	A	Calico Printers' Association Ltd.
A375	A	Cambridge Instrument Co. Ltd.
A376	A	Camco Machinery Co. Ltd.
A377	A	Campbell (Henry) & Co. Ltd.
A378	A	Camrass (S.) & Sons Ltd.
A379	A	Candles (Overseas) Ltd.
A380	A	Candy Filter Co. Ltd.
A381	A	Canning (W.) & Co. Ltd.
A382	A	Cannon Bros. Ltd.
A383	A	Cannon Iron Foundries Ltd.
A384	A	Capper (B.) & Co. Ltd.
A385	A	Carcam Ltd.
A386	A	Carblox Ltd.
A387	A	Carfin Leather Co. Ltd.
A388	A	Caribonum Ltd.
A389	A	Carmel Exporters & Importers Ltd.
A390	A	Carol Beltings Ltd.
A391	A	Carpet Trades Ltd.
A392	A	Carr & Co. Ltd.
A393	A	Carr Fastener Co. Ltd.
A394	A	Carreras Ltd.
A394a	A	Carter (H. W.) & Co. Ltd.
A395	A	Carter (John) Ltd.
A396	A	Cartwright (W. B.) Ltd.
A397	A	Cattermoul (Cecil) Ltd.
A398	A	C. A. V. Ltd.
A399	A	Celestion Ltd.
A400	A	Cellular Clothing Co. Ltd.
A401	A	Central Agency Ltd.
A402	A	Central Tool & Equipment Co. Ltd.
A403	A	Cepea Fabrics Ltd.
A404	A	Chamberlain (W. W.) & Sons Ltd.
A405	A	Chamberlain & Hookham Ltd.
A406	A	Champion Sparking Plug Co. Ltd.
A407	A	Chapman (A. W.) Ltd.
A408	A	Chapman Steel Co.
A409	A	Charatan (F.) & Sons Ltd.
A410	A	Charles Tanneriés Ltd.
A411	A	Charnos Hosiery Ltd.
A412	A	Chaseside Engineering Co. Ltd.
A413	A	Chautard & Co. Ltd.
A414	A	Chemical & Insulating Co. Ltd.
A415	A	Chesterfield Tube Co. Ltd.
A416	A	Chesterman (James) & Co. Ltd.
A417	A	Chilprufe Ltd.
A418	A	Chiswick Polish Co. (Overseas) Ltd.
A419	A	Chivers & Son Ltd.
A420	A	Chloride Batteries Ltd.
A421	A	Christie, George & Co.
A422	A	Christy & Co. Ltd.
A423	A	Churchill Machine Tool Co. Ltd.
A424	A	Churchman (W. A. & A. C.)
A425	A	Ciba Laboratories Ltd.
A426	A	Cinema Television Ltd.
A427	A	Clark (John A.) & Co. Ltd.
A428	A	Clark (Percy J.) & Co. Ltd.
A429	A	Clark, Son & Morland Ltd.
A430	A	Clarke (S.) & Co. Ltd.
A431	A	Clarke (W. G.) & Sons (1929) Ltd.
A432	A	Clarkson Brothers Ltd.
A433	A	Clarkson (Engineers) Ltd.
A434	A	Clayton Aniline Co. Ltd.
A435	A	Clayton, Dewandre Co. Ltd.
A436	A	Clayton-Wright (H.) Ltd.
A437	A	Clough (Robert) (Keighley) Ltd.
A438	A	Clover Leaf Products Ltd.
A439	A	Clutsom & Kemp Ltd.
A440	A	Clyde Alloy Steel Co. Ltd.
A441	A	Clyde Soyameal Factory Ltd.
A442	A	Coates & Co. (Plymouth) Ltd.
A443	A	Coats (J. & P.) Ltd.
A444	A	Cockburn, Smithes & Co. Ltd.
A445	A	Cole (E. K.) Ltd.
A446	A	Coleman (Cecil) Ltd.
A447	A	Coleman Foundry Equipment Co.
A448	A	Collett (J. M.) & Co. Ltd.
A449	A	Collier & Collier Ltd.
A450	A	Colman, Prentis & Varley Ltd.
A451	A	Colonel Rubber Mfg Co. Ltd.
A452	A	Coloured Cotton Spinning Co. Ltd.
A453	A	Columbia Graphophone Co. Ltd.
A454	A	Columbia Ribbon & Carbon Mfg Co. Ltd.
A455	A	Colvern Ltd.
A456	A	Colvilles Ltd.
A457	A	Combined Egyptian Mills Ltd.
A458	A	Combined Optical Industries Ltd., London W 14. Commer Cars Ltd.
A459	A	Commercial Ignition Co. Ltd.
A459a	A	Compton’s Ltd.
A460	A	Cona Coffee Machine Co.
A461	A	Connolly (J. W. & T.) Ltd.
A462	A	Connollys (Blackley) Ltd.
A463	A	Consolidated Pneumatic Tool Co. Ltd.
A464	A	Constructional Engineering Co. Ltd.
A465	A	Conway Stewart & Co. Ltd.
A466	A	Cook & Co. (Manchester) Ltd.
A467	A	Cook (Thos.) & Son Ltd.
A468	A	Cooke, Troughton & Simms Ltd.
A469	A	Cooper Bros. & Sons Ltd.
A470	A	Cooper & Layman Ltd.
A471	A	Cooper, McDougall & Robertson Ltd.
A472	A	Cope Bros. & Co. Ltd.
A473	A	Copeland (W. T.) & Sons Ltd.
A474	A	Copley-Smith (L.) & Sons Ltd.
A475	A	Copydex Ltd.
A476	A	Corby (Fred.) Ltd.
A477	A	Cornercroft Ltd.
A478	A	Ccry (Wm.) & Son Ltd.
A479	A	Cosmos Freightways Agency Ltd.
A480	A	Cossor (A. C.) Ltd.
A481	A	Cotton (John) Ltd.
A482	A	Cotton (William) Ltd.
A483	A	County Chemical Co. Ltd.
A484	A	County Down Weaving Co.
A485	A	County Perfumery Co. Ltd.
A486	A	Courtaulds Ltd.
A487	A	Coventry Climax Engines Ltd.
A488	A	Coventry Diesel Engines Ltd.
A489	A	Coventry Gauge & Tool Co. Ltd.
A490	A	Cover (A.) & Co. Ltd.
A491	A	Cow (P. B.) & Co. Ltd.
A492	A	Cox & Son (Rushden) Ltd.
A493	A	Crabtree (J. A.) & Co. Ltd.
A494	A	Crabtree (W. L.) & Co. Ltd.
A495	A	Craig (Robert) & Sons Ltd.
A495a	A	Cranmer (J.) & Co.
A496	A	Craven Bros. (Manchester) Ltd.
A497	A	Crawford (A. & A.) Ltd.
A498	A	Crawford (John) & Co. (Bannockburn) Ltd.
A499	A	Crawford (William) & Sons Ltd.
A500	A	Crawford Bros. Ltd.
A501	A	Creed & Co. Ltd.
A502	A	Crescent-Webb Ltd.
A503	A	Croda Ltd.
A504	A	Crofts & Assinder Ltd.
A505	A	Crofts (Engineers) Ltd.
A506	A	Crollie (J.) & Son
A507	A	Crombie (J. & J.) Ltd.
A508	A	Cromford Colour Co. Ltd.
A509	A	Crook (Benjamin) & Sons Ltd.
A510	A	Crosland (William) Ltd.
A511	A	Crosse & Blackwell Ltd., London W 1. Crosses & Heatons Ltd.
A512	A	Crossley (Henry), (Packings) Ltd.
A513	A	Crossley (John) & Sons Ltd.
A514	A	Crossley Motors Ltd.
A514a	A	Crowe & Co. (London) Ltd.
A515	A	Crowther (John) & Sons (Milnsbridge) Ltd.
A516	A	Crowther (John Edward) Ltd.
A517	A	Crowther Bruce & Co. Ltd.
A518	A	Cuchullin Handloom Co. Ltd.
A519	A	Cumberland (Aylestone) Ltd.
A520	A	Cumberland Mills Ltd.
A521	A	Cunard Steam Ship Co. Ltd.
A522	A	Cundall Folding Machine Co. Ltd.
A523	A	Cupal Ltd.
A524	A	Curran (Edward) Engineering Ltd.
A525	A	Currie (William) & Co. Ltd.
A526	A	Currie, McDougall & Scott Ltd.
A526a	A	Curwen (Maurice D.) Ltd.
A527	A	Cutrilin Ltd.
A528	A	Cyc-Arc Ltd.
A529	A	Cyclax Ltd.
A530	A	Cyprane Ltd.
A531	A	Czarnikow (C.) Ltd.
A532	A	Dae Health Laboratories Ltd.
A533	A	Dailley & Co. Ltd.
A534	A	Daimler Co. Ltd.
A535	A	Daintifyt Brassiere Co. Ltd.
A536	A	Dalbec Ltd.
A537	A	Daly Condensers Ltd.
A538	A	Dandy Toys Ltd.
A539	A	Danemann (W.) & Co.
A540	A	Dapag (1943) Ltd.
A541	A	Davies (H. D.) & Co. Ltd.
A542	A	Davies, Jenkins & Co. Ltd.
A543	A	Dawe Instruments Ltd.
A544	A	Dawson (Birmingham) Ltd.
A545	A	Dawson, Payne & Elliott Ltd.
A546	A	D.'D. D. Co. Ltd.
A547	A	Debenham & Co.
A548	A	Decca Record Co. Ltd.
A549	A	Deco Machinery Ltd.
A550	A	De Havilland Aircraft Co. Ltd.
A551	A	De la Rue (Thos.) & Co. Ltd. (Plastics Division)
A552	A	Delco-Remy-Hyatt
A553	A	Deloro Stellite Ltd.
A554	A	Denham’s Engineering Co. Ltd.
A555	A	Dennison Mfg Co.
A556	A	Dent, Allcroft & Co. Ltd.
A557	A	Dental Mfg Co. Ltd.
A558	A	Dereta (London) Ltd.
A559	A	Desoutter Bros. Ltd.
A560	A	De Trevars Ltd.
A561	A	Dewar (John) & Sons Ltd.
A562	A	Dexine Rubber & Ebonite Ltd.
A563	A	Dexion Ltd.
A564	A	Dexter, Tucker & Fry Ltd.
A565	A	Dick (R. & J.) Ltd.
A566	A	Dick (W. B.) & Co. Ltd.
A567	A	Dick’s Asbestos Co. Ltd.
A568	A	Dickens Bros. Ltd.
A569	A	Dictaphone Co. Ltd.
A570	A	Dilworth (James) & Son
A571	A	Dixon (James) & Sons Ltd.
A572	A	Dixon (R. G.) & Co. Ltd.
A573	A	Dixon & Gaunt Ltd.
A574	A	Dobroyd Ltd.
A575	A	Dobsons & M. Browne & Co. Ltd.
A576	A	Docker Bros.
A577	A	Dol Toy Products Ltd.
A578	A	Donald Bros. Ltd.
A579	A	Donaldson Bros. (Alloa 1937) Ltd.
A580	A	Doniger (M.) Ltd.
A581	A	Donisthorpe & Co. Ltd.
A582	A	Dorman (W. H.) & Co. Ltd.
A583	A	Dormeuil Freres
A584	A	Douglas (Kingswood) Ltd.
A585	A	Douglas (Sales & Service) Ltd.
A586	A	Douglas & Green Ltd.
A587	A	Doulton & Co. Ltd.
A588	A	Doulton & Co. Ltd.
A589	A	Dowding & Doll Ltd.
A590	A	Dowty Aircraft Equipment Ltd.
A591	A	Dracup (Samuel) & Sons Ltd.
A592	A	Drake (J. V.) & Co.
A593	A	Drambuie Liqueur Co. Ltd.
A594	A	Dri-Ped Ltd.
A595	A	Driver (Geo.) & Son
A596	A	Driway Raincoats Ltd.
A597	A	Du Bois Co. Ltd.
A598	A	Dubilier Condenser Co. (1925) Ltd.
A599	A	Duckham (Alexander) & Co. Ltd.
A600	A	Ductile Steels Ltd.
A601	A	Dudson Bros. Ltd.
A602	A	Dugdale Bros. & Co. Ltd.
A603	A	Dunbar McMaster & Co. Ltd.
A604	A	Dunbar & Nairn Ltd.
A605	A	Duncan, Fox & Co. Ltd.
A606	A	Dunford & Elliott (Sheffield) Ltd.
A607	A	Dunhill (Alfred) Ltd.
A608	A	Dunlop Clothing & Weatherproofs Ltd.
A609	A	Dunlop Rim & Wheel Co. Ltd.
A610	A	Dunlop Rubber Co. Ltd.
A611	A	Dunlop Sports Co. Ltd.
A612	A	Dunn, Bennett & Co. Ltd.
A613	A	Dunn Johnston & Co.
A614	A	Durham Raw Materials Ltd.
A615	A	Dynatron Radio Ltd.
A616	A	Eagle Leathercraft Ltd.
A617	A	Edstone Ltd.
A618	A	Edwards (W.) & Co. (London) Ltd.
A619	A	Edwards (W.) & Son Ltd.
A620	A	Edwards & Holmes Ltd.
A621	A	Egen Electric Ltd.
A622	A	Elastic Yarns Ltd.
A623	A	Elcho (Engineers) Ltd.
A624	A	Electric Furnace Co. Ltd.
A625	A	Electric Resistance Furnace Co. Ltd.
A626	A	Electrical Instrument Co. (Hillington) Ltd., Glasgow. Electrical & Musical Industries Ltd.—see: The Gramophone Co. (H. M. V.). Columbia Graphophone Co. Ltd., Marconiphone Co. Ltd.
A627	A	Electro-Chemical Engineering Co. Ltd.
A628	A	Electromagnets Ltd.
A629	A	Electro Methods Ltd.
A630	A	Electronic Instruments Ltd.
A631	A	Electrothermal Engineering Ltd.
A632	A	Elkington & Co. Ltd.
A633	A	Ellams Duplicator Co. Ltd.
A634	A	Ellerman & Bucknall Steamship Co. Ltd.
A635	A	Elliman, Sons & Co. Ltd.
A636	A	Elliott (B.) & Co. Ltd.
A637	A	Elliott Bros. (London) Ltd.
A638	A	Ellis (Charles) & Co.
A639	A	Ellis Chapman Ltd.
A640	A	E. M. I. Suppliers Ltd.
A641	A	Empire Porcelain Co.
A642	A	Empire Rubber Co.
A643	A	Emsa Works & Herbert Foot Appliance Ltd.
A644	A	Enfield Cables Ltd.
A645	A	Enfield Cycle Co. Ltd.
A646	A	Enfield Zinc Products Ltd.
A647	A	English (J.) (Dressing Gowns) Ltd.
A648	A	English Steel Corp. Ltd.
A649	A	Eno (J. C.) Ltd.
A650	A	Enzyme Products Ltd.
A651	A	Epco Ltd.
A652	A	Erinoid Ltd.
A653	A	Eschmann Bros. & Walsh Ltd.
A654	A	Ess & Kay Ltd.
A655	A	Essex Commercial Enterprises Ltd.
A656	A	Ethicon Suture Laboratories Ltd.
A657	A	Eumuco (England) Ltd.
A658	A	Evans Adlard & Co. Ltd.
A659	A	Evans Medical Supplies Ltd.
A660	A	E. V. B. Plastics Ltd.
A661	A	Ever-Ready Co. (Gt. Britain) Ltd.
A662	A	Everlastic Ltd.
A663	A	Evershed & Vignoles Ltd.
A664	A	Ex-Lax Ltd.
A665	A	Expanded Rubber Co. Ltd.
A666	A	Extruded Metals Co. Ltd.
A667	A	Eyre Smelting Co. Ltd.
A668	A	Fabrexa Ltd.
A669	A	Falk (M.) & Co. Ltd.
A670	A	Fan Disk Ltd.
A671	A	Fancy Metal Goods Ltd.
A672	A	Fassbender & Evens Ltd.
A673	A	Fassett & Johnson Ltd.
A674	A	Faure (H. M. F.) & Co. Ltd.
A675	A	Favourite Fashions Ltd.
A676	A	Favourite Ties Ltd.
A677	A	Fawdry & Partners (Philip) Ltd.
A678	A	Fehr (Frank) & Co.
A679	A	Felco Hoists Ltd.
A680	A	Fell (W. A.) Ltd.
A681	A	Fenner (J. H.) & Co. Ltd.
A682	A	Fenton (A.) & Co. Ltd.
A683	A	Fenton (John) & David Bradley Mills Ltd.
A684	A	Ferguson (Harry) Ltd.
A685	A	Ferodo Ltd.
A686	A	Ferranti Ltd.
A687	A	Ferro Enamels Ltd. (Allied Engineering Division)
A688	A	Ferrovolt Ltd.
A689	A	Fidler (H. & L.) Ltd.
A690	A	Field & Bottrill Ltd.
A691	A	Fielding (S.) & Co. Ltd.
A692	A	Fielding & Platt Ltd.
A693	A	Fincham & Smith Ltd.
A694	A	Fink (E.) & Sons Ltd.
A695	A	Finlayson, Bousfield & Co. Ltd.
A696	A	Finney Presses Ltd.
A697	A	Firkins & Co. Ltd.
A698	A	Firth (Thos.) & John Brown Ltd.
A699	A	Firth Brown Tools Ltd.
A700	A	Firth Derihon’ Stampings Ltd.
A701	A	Firth-Vickers Stainless Steels Ltd.
A702	A	Fischer Bearings Co. Ltd.
A703	A	Fisher (I. J.) & Co. Ltd.
A704	A	Fisher (J. & H.) Ltd.
A705	A	Fisher Clark & Co. Ltd.
A706	A	Flather (W. T.) Ltd.
A707	A	Fleetway Mfg Co. Ltd.
A708	A	Fleming (J. & R.) Ltd.
A709	A	Flersheim & Co. Ltd.
A710	A	Fletcher (Robert) & Son Ltd.
A711	A	Fletcher Miller Ltd.
A712	A	Fletcher & Parnell (Alfred) Ltd.
A713	A	Flexy Brushes Ltd.
A714	A	Fluxite Ltd.
A715	A	F. & M. Supplies Co. Ltd.
A716	A	Focal Press Ltd.
A717	A	Foote, Cone & Belding Ltd.
A718	A	Ford Motor Co. Ltd.
A719	A	Fordath Engineering Co. Ltd.
A720	A	Forestbrook Linen Co.
A721	A	Forgan (Robert) & Son Ltd.
A722	A	Foundry Services Ltd.
A723	A	Fownes Gloves Ltd.
A724	A	Fox Bros. & Co. Ltd.
A725	A	Foxton (W.) Ltd.
A726	A	Foxwell (Daniel) & Son Ltd.
A727	A	Frame & Co. Ltd.
A728	A	Francis & Barnett Ltd.
A729	A	Francise (Handbags) Ltd.
A730	A	Frankau (Adolph) & Co. Ltd.
A731	A	Frankenstein (P.) & Sons (Manchester) Ltd.
A732	A	Franklin (Walter T.)
A733	A	Frederick (Thos.) & Co. Ltd.
A734	A	French (Anne)French Anne
A735	A	Freund & Fleischmann Ltd.
A736	A	Friedlander (F.) Ltd.
A737	A	Frigidaire Division of General Motors Ltd.
A738	A	Fry's (London) Ltd.
A739	A	Fry's Metal Foundries Ltd.
A740	A	Fuller’s Earth Union Ltd.
A741	A	Funditor Ltd.
A742	A	Furmoto Chemical Co.
A743	A	Furnival Steel Co. Ltd.
A744	A	Furnivals (1913) Ltd.
A745	A	Gala of London Ltd.
A746	A	Galahad Ltd.
A747	A	Gale (Alfred) & Co. Ltd.
A748	A	Gandy Ltd.
A749	A	Garnar (James) & Sons Ltd.
A750	A	Garrard Engineering & Mfg. Co. Ltd.
A751	A	Garrett & Lloyd Ltd.
A752	A	Garrington (John) & Sons Ltd.
A753	A	Gaunt (Reuben) & Sons Ltd.
A754	A	Gavin Distillers Ltd.
A755	A	Gear Grinding Co. Ltd.
A756	A	General Accessories Co. Ltd.
A757	A	General Acoustics Ltd.
A758	A	General Chemical & Pharmaceutical Co. Ltd.
A759	A	General Electric Co. Ltd.
A760	A	General Radiological Ltd.
A761	A	General Refractories Ltd.
A762	A	General Signal & Time Systems Ltd.
A762a	A	General Steam Navigation Co. Ltd.
A763	A	Germ Lubricants Ltd.
A764	A	Gestetner Ltd.
A765	A	Ghent-Bristol Channel Line
A766	A	Gibson & Sons Ltd.
A767	A	Gibson (S.) & Sons Ltd.
A768	A	Gibson & Lumgair Ltd.
A769	A	Giesler (C. F. R.) Ltd.
A770	A	Gilbert (Sidney B.) Ltd.
A771	A	Gildesgame Bros. Ltd.
A772	A	Giles (C.) & Co.
A773	A	Giles (John) & Sons Ltd.
A774	A	Gillette Industries Ltd.
A775	A	Girling Ltd.
A776	A	Glacier Metal Co. Ltd.
A777	A	Gladwin Ltd.
A778	A	Glaxo Laboratories Ltd.
A779	A	Glen-Har Ltd.
A780	A	Glen Line Ltd.
A781	A	Glenboig Union Fire Clay Co. Ltd.
A782	A	Glendenning Bros. Ltd.
A783	A	Glendor Fabrics Ltd.
A784	A	Glenfield & Kennedy Ltd.
A785	A	Glorex Woollen Co. Ltd.
A786	A	Gloster Aircraft Co. Ltd.
A787	A	Gloucester Carpet Co. Ltd.
A788	A	Glover (Thos.) & Son Ltd.
A789	A	Glyn Hats
A790	A	Goddard (J.) & Sons Ltd.
A791	A	Golding (S. Ralph) & Co. Ltd.
A792	A	Goldsworthy (Thos.) & Son Ltd.
A793	A	Golf Ball Developments Ltd.
A794	A	Golodetz (M.)
A795	A	Gooding (M. C.) & Co. Ltd.
A796	A	Goodman (A.) & Sons
A797	A	Goodman (George) Ltd.
A798	A	Gor-Ray Ltd.
A799	A	Gordon’s Dry Gin Co. Ltd.
A800	A	Gossard Ltd.
A801	A	Gowllands Ltd.
A802	A	Grace Bros. Ltd.
A803	A	Graesser (R.) Ltd.
A804	A	Graesser Salicylates Ltd.
A805	A	Graham & Pott Ltd.
A806	A	Grainger & Smith (Woollens) Ltd.
A807	A	Gramophone Co. Ltd.
A808	A	Grant (William) & Sons Ltd.
A809	A	Graphite Products Ltd.
A810	A	Gray (Dorothy) Ltd.
A811	A	Gray (H. J.) & Sons Ltd.
A812	A	Gray (William C.) & Sons Ltd.
A813	A	Grayson’s Overseas Co.
A814	A	Great Lever Spinning Co. Ltd.
A815	A	Greeff (R. W.) & Co. Ltd.
A816	A	Green (J. Barcham) Ltd.
A817	A	Green (Harry) Ltd.
A818	A	Green (Thos.) & Son Ltd.
A819	A	Greengate & Irwell Rubber Co. Ltd.
A820	A	Greening (N.) & Sons Ltd.
A821	A	Greenmount & Boyne Linen Co. (Belfast) Ltd.
A822	A	Greeves (J. & T. M.) Ltd.
A823	A	Griffiths (Sydney) Ltd.
A824	A	Griffiths Hughes (E.) Ltd.
A825	A	Grill Floors Ltd.
A825a	A	Grindley (W. H.) & Co. Ltd.
A826	A	Grossmith (J.) & Son Ltd.
A827	A	Grove (James) & Sons Ltd.
A828	A	Grundy (G. C.) & Co. Ltd.
A829	A	Guest Keen & Nettlefolds (Midlands) Ltd.
A830	A	Gutteridge Sampson Ltd.
A831	A	Guy, Morrison & Co. Ltd.
A832	A	Guylee (Frank) & Son Ltd.
A833	A	Gyproc Products Ltd.
A834	A	Habitmaker Ltd.
A835	A	Haffenden (W. W.) Ltd.
A836	A	Haig (John) & Co. Ltd.
A837	A	Haigh (Arthur) & Co. (Bradford) Ltd.
A838	A	Hair’s Proprietaries (Dr.) Ltd.
A839	A	Halesowen Tube Co. Ltd.
A840	A	Halex Ltd.
A841	A	Hall (Wm.) & Co. (Monsall) Ltd.
A842	A	Hall & Pickles Ltd.
A843	A	Hallam
A844	A	Halson & Webston's Ltd.
A845	A	Hamer (Henry) & Sons Ltd.
A846	A	Hamilton & Co. (London) Ltd.
A847	A	Hamilton, Palmer Ltd.
A848	A	Hammer & Theelan
A849	A	Hammond, Turner & Sons Ltd.
A850	A	Hampton (C. & J.) Ltd.
A851	A	Hancock (S. W.) Ltd.
A852	A	Handford, Greatrex & Co. Ltd.
A853	A	Handley-Page Ltd.
A854	A	Hanovia Ltd.
A855	A	Hanson & Edwards Ltd.
A904	A	Hellermann Electric Ltd.
A903	A	Heller Confectionery Ltd., Bangor, Co.
A902	A	Hellawell (T.) & Co. Ltd.
A901	A	Hellasco Ltd.
A900	A	Heinz (H. J.) Co. Ltd.
A899	A	Heenan & Froude Ltd.
A898	A	Heddon-Smith (Overseas) Ltd.
A897	A	Heaton Sales Co. Ltd.
A896	A	Heathcoat (John) & Co. (Overseas) Ltd.
A895	A	Hearfield & Co. Ltd.
A894	A	Healey (Donald) Motor Co. Ltd.
A893	A	Head & Rhodes (D. R.) Ltd.
A892	A	Hayward-Tyler & Co. Ltd.
A891	A	Haynor Ltd.
A890	A	Hayes (F. W.) & Co. Ltd.
A889	A	Hawthorn Baker Ltd.
A888	A	Haworth (Richard) & Co. Ltd.
A887	A	Hawley (John) & Co. (Walsall) Ltd.
A886	A	Hawkins (L. G.) & Co. Ltd.
A885	A	Hawkings (J. R.) & Co. Ltd.
A884	A	Hawker Aircraft Ltd.
A883	A	Hawk Ltd.
A882	A	Harwood Cash & Co. Ltd.
A881	A	Harwood (Richard) & Son Ltd.
A880	A	Harwood (Edgar) Ltd.
A879	A	Harvey Frost & Co. Ltd.
A878a	A	Hauser (P.) & Co.
A878	A	Harrison Line
A877	A	Harrison Bros. (England) Ltd.
A876	A	Harrison (Birmingham) Ltd.
A875	A	Harrison (T. S.) & Sons Ltd.
A874	A	Harrison (George) & Co.
A873	A	Harrison (Arthur) & Co. Ltd.
A872	A	Harris (L.) Ltd.
A871	A	Harrild & Sons Ltd.
A870	A	Harnden (C. A.) Ltd.
A869	A	Harman Bros. Ltd.
A868	A	Hare (James) Ltd.
A867	A	Hardy, Spicer & Co. Ltd.
A866	A	Hardy Bros. (Alnwick) Ltd.
A865	A	Hardoll Ltd.
A864	A	Hardman & Holden Ltd.
A863	A	Hardie (J. & W.) Ltd.
A862	A	Harding, Tilton & Hartley Ltd.
A861	A	Harding, Rhodes & Co. Ltd.
A860	A	Harding & Messenger Ltd.
A859	A	Hardenite Steel Co. Ltd.
A858	A	Harden Bros. & Lindsay Ltd.
A857	A	Harborough Construction Co. Ltd.
A856	A	Harboro' Rubber Co. Ltd.
A905	A	Hemming (Thos.) & Son Ltd.
A906	A	Henderson (John M.) & Co. Ltd.
A907	A	Henderson Bros. & Co. Ltd.
A908	A	Henley's (W. T.) Telegraph Works Co. Ltd.
A909	A	Henley's Tyre & Rubber Co. Ltd.
A910	A	Henriques & Co. Ltd.
A911	A	Henry (A. & S.) & Co. Ltd.
A912	A	Hepworth & Grandage Ltd.
A913	A	Herbert (Alfred) Ltd.
A914	A	Herbert (Edward G.) Ltd.
A915	A	Hercules Cycle & Motor Co. Ltd.
A916	A	Hermer (S.)
A916a	A	Hernu, Peron & Stockwell Ltd.
A917	A	Heron (J. M.) & Co. Ltd.
A918	A	Hesketh (T. M.) & Sons
A919	A	Heydemann (N.) & Co. Ltd.
A920	A	Heyman & Co. Ltd.
A921	A	Heyn (G.) & Sons Ltd., (Head Line)
A922	A	Hick, Hargreaves & Co. Ltd.
A923	A	Hickson & Welch Ltd.
A924	A	Hide & Skin Agencies Ltd.
A925	A	High Speed Steel Alloys Ltd.
A926	A	Highland Tweeds
A927	A	Hilger & Watts Ltd.
A928	A	Hill (F. & A.)
A929	A	Hill Brown Ltd., London W 1. Hillman Motor Car Co. Ltd.
A930	A	Hills (Patents) Ltd.
A931	A	Hilton Wallace & Co. Ltd.
A932	A	Hind Priestley Ltd.
A933	A	Hindes Ltd.
A934	A	Hirst (C. & J.) & Sons Ltd.
A935	A	Hirst (Charles) & Sons Ltd.
A936	A	Hirst (Robert) & Co. Ltd., Bradford. H. M. V. — see Gramophone Co.
A937	A	Hobourn Aero Components Ltd.
A938	A	Hoe & Crabtree (R.) Ltd.
A939	A	Hoffmann (A.) & Co.
A940	A	Hoffmann Mfg Co.
A941	A	Holden (Arthur) & Sons Ltd.
A942	A	Holden (E. T.) & Son Ltd.
A943	A	Holdsworth (Robert), (Merino) Ltd.
A944	A	Holland & Lewis Ltd.
A945	A	Holliday (L. B.) & Co. Ltd.
A946	A	Hollins (Wm.) & Co. Ltd.
A947	A	Holman Bros. Ltd.
A948	A	Holmes (Clifford) & Co. Ltd.
A949	A	Holmes & Leather Ltd.
A950	A	Holt, Whitney & Co. Ltd.
A951	A	Hoover Ltd.
A952	A	Hordern, Mason & Edwards Ltd.
A953	A	Hornton Airways Ltd.
A954	A	Horrockses, Crewdson & Co. Ltd.
A955	A	Horsfield Sons & Mackrell Bros. Ltd.
A956	A	Hough (Robert)Hough Robert
A957	A	Houldsworth (Thos.) & Co. Ltd.
A958	A	Hounsells (Bridport) Ltd.
A959	A	Hounsfield Ltd.
A960	A	Hovenden & Sons Ltd.
A961	A	Howard (Alfred) & Co.
A962	A	Howarth & Penrice Ltd.
A963	A	Howell & Co. Ltd.
A964	A	Howse, Mead & Sons Ltd.
A965	A	Hoyle (Joseph) & Son Ltd.
A966	A	Hoyt Metal Co. of Gt. Britain Ltd.
A967	A	Hubron Rubber Chemicals Ltd.
A968	A	Hudson (John) & Co.
A969	A	Hudson & Middleton Ltd., Longton, Stoke-on-Trent. Humber Ltd., Coventry — see Rootes Group. Humber Ltd.
A970	A	Humphreys (J. H.) & Sons
A971	A	Hunt (A. H.) Ltd.
A972	A	Hunt & Winterbotham
A973	A	Hunter-Penrose Ltd.
A974	A	Hunters & W. K. Ltd.
A975	A	Huntley & Palmers Ltd.
A976	A	Hurley Machine Co. (England) Ltd.
A977	A	Hurst (A.) & Co. Ltd.
A978	A	Hutchings (G. F.) & Co. Ltd.
A979	A	Hutchinson (Ramsey) Ltd.
A980	A	Hutton Welded Footwear Ltd.
A981	A	Ibstock Knitting Co. Ltd.
A982	A	Ilford Ltd.
A983	A	Illingworth (E.) & Co. (Bradford) Ltd.
A984	A	Illingworth Morris Trading Co. Ltd.
A985	A	Imperial Chemical Industries Ltd.
A986	A	Imperial Chemical (Pharmaceuticals) Ltd.
A987	A	Imperial Machine Co.
A988	A	Imperial Typewriter Co. Ltd.
A989	A	Impregnated Diamond Products Ltd.
A989a	A	Index Automatic Machine Co. Ltd.
A990	A	India Rubber Gutta Percha & Telegraph Works Co. Ltd.
A991	A	India Tyre & Rubber Co. Ltd.
A992	A	Industrial Asphalts Co. Ltd.
A993	A	Industrial Insulations Ltd.
A994	A	Industrial Sales Ltd.
A995	A	Inglis & Hall Ltd.
A996	A	Innes, Henderson & Co. Ltd.
A997	A	International Chemical Co. Ltd.
A998	A	International Combustion Ltd.
A999	A	International Import & Export Co. Ltd.
A1000	A	International Laboratories Ltd.
A1001	A	International Marine Radio Co. Ltd.
A1002	A	International Safety Products
A1003	A	International Tar & Chemical Products Ltd.
A1004	A	International Tooth Co. Ltd.
A1005	A	International Twist Drill Co. Ltd.
A1006	A	Invicta Toys Ltd.
A1007	A	Ioco Ltd.
A1008	A	Ipscol Ltd.
A1009	A	Irish Linen Mills Ltd.
A1010	A	Irwell Bank Spinning Co. Ltd.
A1011	A	Isotope Developments Ltd.
A1012	A	Israel (London) Ltd.
A1013	A	Ivor Power Speciality Co. Ltd.
A1014	A	ackson (Harold) Ltd.
A1015	A	Jackson (W. & E.) Ltd.
A1016	A	Jackson's Original Earl Gray Tea (Wholesale) Ltd.
A1017	A	Jacobson (D.) Wools (Bradford) Ltd.
A1018	A	Jacqmar Ltd.
A1019	A	Jaeger Co. Ltd.
A1020	A	Jaguar Cars Ltd.
A1021	A	James (W. G.) Ltd.
A1022	A	James Cycle Co. Ltd.
A1023	A	Jantzen Knitting Mills Ltd.
A1024	A	Jarrow Tube Works Ltd.
A1025	A	Jayemel Mills Ltd.
A1026	A	Jellinek (Maurice) Ltd.
A1027	A	Jersella Ltd.
A1028	A	Jessop (Wm.) & Sons Ltd.
A1029	A	Jobling (James) & Co. Ltd.
A1030	A	Johns (Edward) & Co. Ltd.
A1031	A	Johnson Brothers (Hanley) Ltd.
A1032	A	Johnson (C. H.) & Sons Ltd.
A1033	A	Johnson (C. H.), (Machinery) Ltd.
A1034	A	Johnson & Bloy Ltd.
A1035	A	Johnson of Hendon Ltd.
A1036	A	Johnson & Johnson (Gt. Britain) Ltd.
A1037	A	Johnson, Matthey & Co. Ltd.
A1038	A	Johnston (Philip) & Sons Ltd.
A1039	A	Johnston Allen & Co. Ltd.
A1040	A	Jonas (N.) & Sons Ltd.
A1041	A	Jonas & Colver (Novo) Ltd.
A1042	A	Jones (Samuel) & Co. Ltd.
A1043	A	Jones (Wm. Alfred) Ltd.
A1044	A	Jones (Wm. C.) Ltd.
A1045	A	Jones & Attwood Ltd.
A1046	A	Jones & Shipman (A. A.) Ltd.
A1047	A	Joris Glass Industries Ltd.
A1048	A	Jowett Cars Ltd.
A1049	A	Joynson (G. W.) & Co. (London) Ltd.
A1050	A	Kalamazoo Ltd.
A1051	A	Kango Electric Hammers Ltd., London SW 19. Karrier Motors Ltd.
A1052	A	Kay (G. H.) Ltd.
A1053	A	Kay’s Industries Ltd.
A1054	A	Kayser, Ellison & Co. Ltd.
A1055	A	Kearns (H. W.) & Co. Ltd.
A1056	A	Keeling & Walker Ltd.
A1057	A	Keenok Co. Ltd.
A1058	A	Keighley Grinders Ltd.
A1059	A	Keith & Henderson Ltd.
A1060	A	Kelly's Directories Ltd.
A1061	A	Kelly Vickers Sales Co. Ltd.
A1062	A	Kellogg Co. of Gt. Britain Ltd.
A1063	A	Kelvin, Bottomley & Baird Ltd.
A1064	A	Kelvinator Ltd.
A1065	A	Kemball, Bishop & Co. Ltd.
A1066	A	Kendall & Gent Ltd.
A1067	A	Kendall & Sons Ltd.
A1068	A	Kenin Products Ltd.
A1069	A	Kent (G. B.) & Sons Ltd.
A1070	A	Kent (George) Ltd.
A1071	A	Kent (James) Ltd.
A1072	A	Kenure (J. F.) Ltd.
A1073	A	Kenyon (James) & Son Ltd.
A1074	A	Kerr (John) & Co.
A1075	A	Kershaw (Hugh) & Sons Ltd.
A1076	A	Keys (W. H.) Ltd.
A1077	A	Kid-Knit Mfg Co.
A1078	A	Kidd (John) & Co. Ltd.
A1079	A	Kigu Ltd.
A1080	A	Kimball (A.) & Co. Ltd.
A1081	A	Kimberlin Brown & Co. Ltd.
A1082	A	King (Geo. W.) Ltd.
A1083	A	Kingdon Ward (F.) Morison Products
A1084	A	Kinswood (A. T.) & Co. Ltd.
A1085	A	Kipps (E.) & Co. Ltd.
A1086	A	Kircheimer Ltd.
A1087	A	Kirk & Steel Ltd.
A1088	A	Kirklees Ltd.
A1089	A	Kitchen & Wade Ltd.
A1090	A	K. & L. Steelfounders & Engineers Ltd.
A1091	A	K. L. G. Sparking Plugs Ltd.
A1092	A	Kleeman (O. & M.) Ltd.
A1093	A	Kleiner (J.) & Sons Ltd.
A1094	A	Klinger (Richard) Ltd.
A1095	A	Kneller Ltd.
A1096	A	Knight (Alfred) Ltd.
A1097	A	Knox (John) & Sons Ltd.
A1098	A	Knox (W. & J.) Ltd.
A1099	A	Kodak Ltd.
A1100	A	Kohnstamm (R. & A.) Ltd.
A1101	A	Kolok Mfg Co. Ltd.
A1102	A	Kolster Brandes Ltd.
A1103	A	Kopke (C.N.) & Co. Ltd.
A1104	A	Kraft Productions Ltd.
A1105	A	Kreglinger & Fernau Ltd.
A1106	A	Kuperstein (Chas.) Ltd.
A1107	A	Kynoch (G. & G.) Ltd.
A1108	A	Kynoch (G. & G.) Ltd.
A1109	A	Lagonda Ltd.
A1110	A	Lake & Elliot Ltd.
A1111	A	Lambert & Son Ltd.
A1112	A	Lamp Presscaps Ltd.
A1113	A	Lamson Paragon Supply Co. Ltd.
A1114	A	Lanchester Motor Co. Ltd.
A1115	A	Landsberg & Co.
A1116	A	Lang (B.) & Co. Ltd.
A1117	A	Lang (John) & Son Ltd.
A1118	A	Langham (J.) & Tompson Ltd.
A1119	A	Langley Alloys Ltd.
A1120	A	Lanzetter (S.)
A1121	A	Lapointe Machine Tool Co. Ltd.
A1122	A	Laporte Chemicals Ltd.
A1123	A	Latch & Bathelor Ltd.
A1124	A	Latex Surgical Products Ltd.
A1125	A	Laverton (A.) & Co. Ltd.
A1126	A	Lawrence (Wm.) & Sons Ltd.
A1127	A	Laycock (Peter) Ltd.
A1128	A	Laycock (William) & Son (Bradford) Ltd.
A1129	A	Laycock Engineering Co. Ltd.
A1130	A	Laystall Engineering Co. Ltd.
A1131	A	Layton (John) & Co. Ltd.
A1132	A	Lea Bridge Rubber Works Ltd.
A1133	A	Leather Cloth Co. Ltd.
A1134	A	Lee (Arthur H.) & Sons Ltd.
A1135	A	Lee (George) & Co.
A1136	A	Lee (George) & Sons Ltd.
A1137	A	Lee (M.) & Son Ltd.
A1138	A	Lee (William R.) Ltd.
A1139	A	/ Lee & Grinling Ltd.
A1140	A	Lee & Wigfull (Sheffield) Ltd.
A1141	A	Lees (J. B. & S.) Ltd.
A1142	A	Lees (T. & W.) Ltd.
A1143	A	Leffman (S.) Ltd.
A1144	A	Leichner (L.), (London) Ltd.
A1145	A	Leigh (T. & J.) Ltd.
A1146	A	Leland Instruments Ltd.
A1147	A	Lennox Knitwear Ltd.
A1148	A	Leslie & Anderson Ltd.
A1149	A	Leslie & Arnold Ltd.
A1150	A	Lewinter (Anny) Ltd.
A1151	A	Lexport Ltd.
A1152	A	Leyland & Birmingham Rubber Co. Ltd.
A1153	A	Leytonstone Jig & Tool Co. Ltd.
A1154	A	Liebetruth (Fred.) Ltd.
A1155	A	Liebig's Extract of Meat Co. Ltd.
A1156	A	Light (L.) & Co. Ltd.
A1157	A	Lightfoot Refrigeration Co. Ltd.
A1158	A	Lightning Fasteners Ltd.
A1159	A	Lillywhite Frowd & Co.
A1160	A	Lincoln Bennett & Co. Ltd.
A1161	A	Lincoln Electric Co. Ltd.
A1162	A	Lind, Mayer & Co.
A1163	A	Lindsay (Henry) Ltd.
A1164	A	Lindsay Thompson (Threads) Ltd.
A1165	A	Lindsay & Williams Ltd.
A1166	A	Linen Thread Co. Ltd.
A1167	A	Lines Bros. Ltd.
A1168	A	Lingard Webster & Co. Ltd.
A1169	A	Linguaphone Institute Ltd.
A1170	A	Lining Mfg. Co. Ltd.
A1171	A	Lining Weavers Ltd.
A1172	A	Links (Calman)Links Calman
A1173	A	Linoleum Mfg. Co. Ltd.
A1174	A	Linotype & Machinery Ltd.
A1175	A	Linton (H. H.) & Co. Ltd.
A1176	A	Linton (James) & Co. Ltd.
A1177	A	Lipton Ltd.
A1178	A	Lister (R. A.) & Co. Ltd.
A1179	A	Lister & Co. (Knitting Wools) Ltd.
A1180	A	Litherland Tanning Co. Ltd.
A1181	A	Littlejohn (S. R.) & Co. Ltd.
A1182	A	Litton (Silvester) Ltd.
A1183	A	Liverpool Borax Co. Ltd.
A1184	A	Llangollen Tanning Co.
A1185	A	Lloyd (Richard) Ltd.
A1186	A	Lloyd Cars Ltd.
A1187	A	Lloyd’s
A1188	A	Lloyds & National Provincial Foreign Bank Ltd.
A1189	A	Lock (Jas.) & Co. Ltd.
A1190	A	Lockwood (Charles) & Sons Ltd.
A1191	A	Lodge Plugs Ltd.
A1192	A	London (Louis) & Sons
A1193	A	London Abrasives Ltd.
A1194	A	London & Overseas Supply Co.
A1195	A	London & Provincial Marine & General Insurance Co. Ltd.
A1196	A	London Rubber Co.
A1197	A	London Wax Refining Co.
A1198	A	Lord & Sharman Ltd.
A1199	A	Lowry (J. A.) & Co. Ltd.
A1200	A	L. P. S. Electrical Co. Ltd.
A1201	A	Lubin (S.) & Sons Ltd.
A1202	A	Lucas (Joseph) Ltd.
A1203	A	Lucking (Stephen) Ltd.
A1204	A	Lumsden Machine Co. Ltd.
A1205	A	Lund (John) Ltd.
A1206	A	Lurgan Weaving Co. Ltd.
A1207	A	Lushington Tool Mfg. Co. Ltd.
A1208	A	Lustre Fibres Ltd.
A1209	A	Luton Knitting Co. Ltd.
A1210	A	Lyle & Scott Ltd.
A1211	A	Lyon (Arthur) & Co. (Engineers) Ltd.
A1212	A	Lyons (J.) & Co. Ltd.
A1213	A	Lyons & Martin Ltd.
A1214	A	Mabie, Todd & Co. Ltd.
A1215	A	Macauley (A.), (Tweeds) Ltd.
A1216	A	MacBean (Edward) & Co. Ltd.
A1217	A	MacFarlan (J. F.) & Co.
A1218	A	Macintosh (Chas.) & Co. Ltd.
A1219	A	Mackenzie & Co. Ltd.
A1220	A	Mackenzie (Kenneth) Ltd.
A1221	A	Mackinlay (Chas.) & Co. Ltd.
A1222	A	Mackintosh (John) & Sons Ltd.
A1223	A	MacLellan (Geo.) & Co. Ltd.
A1224	A	Macleod (Kenneth), (Shawbost) Ltd.
A1225	A	Macleod (M. & K.)
A1226	A	Macloritex Ltd.
A1227	A	MacNab (A. & J.) Ltd.
A1228	A	Macpherson & Phillips Ltd.
A1229	A	Macrome Ltd.
A1230	A	Magnesium Elektron Ltd.
A1231	A	Magneta Time Co. Ltd.
A1232	A	Magnetic & Electrical Alloys Ltd.
A1233	A	Magnolia Anti-Friction Metal Co. of Gt. Britain Ltd.
A1234	A	Malcolm (W. F.) & Co. Ltd.
A1235	A	Mallory Metallurgical Products Ltd.
A1236	A	Manchester Repetition Engineers Ltd.
A1237	A	Manchester Velvet Co. Ltd.
A1238	A	Mander Bros. Ltd.
A1239	A	Mandleberg (J.) & Co. Ltd.
A1240	A	Manesty Machines Ltd.
A1241	A	Manganese Bronze & Brass Co. Ltd.
A1242	A	Mann (George) & Co. Ltd.
A1243	A	Mansell Hunt Catty & Co. Ltd.
A1244	A	Manton (Wm.) Ltd.
A1245	A	Mappin & Webb Ltd.
A1246	A	Marabelle Fabrics Ltd.
A1247	A	Marchant, Heyworth & Swift Ltd.
A1248	A	Marchon Products Ltd.
A1249	A	Marconiphone Co. Ltd.
A1250	A	Marine Insurance Co. Ltd.
A1251	A	Marks (H.) Ltd.
A1252	A	Marks & Spencer Export Corp. Ltd.
A1253	A	Markt & Co. (London) Ltd.
A1254	A	Marns (Thos.) Ltd.
A1255	A	Marriott (Henry) & Co. Ltd.
A1256	A	Marris's Ltd.
A1257	A	Marrison & Catherall Ltd.
A1258	A	Mars Ltd.
A1259	A	Marsden (Frederick) Ltd.
A1260	A	Marsden (James) & Sons Ltd.
A1261	A	Marsh Bros. & Co. Ltd.
A1261a	A	Marshall (T. J.) & Co. Ltd.
A1262	A	Marshall & Brush Ltd.
A1263	A	Marshall Richards Machine Co. Ltd.
A1264	A	Marston Excelsior Ltd.
A1265	A	Martin (Bob) Ltd.
A1266	A	Martin (John) & Co.
A1267	A	Martin (W. & J.) Ltd.
A1268	A	Martins (S. F.), (Halifax) Ltd.
A1269	A	Mason Pearson Bros.
A1270	A	Massey (B. & S.) Ltd.
A1271	A	Masson, Seeley & Co. Ltd.
A1272	A	Masta Patent Pipe Co. Ltd.
A1273	A	M. A. T. Transport Ltd.
A1274	A	Mather (William) Ltd.
A1275	A	Mather & Platt Ltd.
A1276	A	Matier (Henry) & Co. Ltd.
A1277	A	Matthews Laboratories Ltd.
A1278	A	Matthews, Wrightson & Co. Ltd.
A1279	A	Mattis Industries Ltd.
A1280	A	Maudslay Motor Co. Ltd.
A1281	A	Maurice (Peter) Music Co. Ltd.
A1282	A	May & Baker Ltd.
A1283	A	Mazawattee (Export) Co. Ltd.
A1284	A	McConnell & Co. Ltd.
A1285	A	McCrirrick (S.) & Sons Ltd.
A1286	A	McCrudden (S.) & Co. Ltd.
A1287	A	McDonald & Muir Ltd.
A1288	A	McMurdo Instruments Co. Ltd.
A1289	A	McNish (Robt.) & Co. Ltd.
A1290	A	Meccano Ltd.
A1291	A	Medcalfe Co. Ltd.
A1292	A	Medical & Industrial Equipmt. Ltd.
A1293	A	Megatron Ltd.
A1294	A	Mellor Bromley & Co. Ltd.
A1295	A	Meltis Ltd.
A1296	A	Meltonian (E. Brown & Son) Ltd.
A1297	A	Mendle Bros. Ltd.
A1298	A	Menley & James Ltd.
A1299	A	Mentholatum Co. Ltd.
A1300	A	Meredith (Ian) Ltd.
A1301	A	Meredith & Drew Ltd.
A1302	A	Merrythought Ltd.
A1303	A	Metafiltration Co. Ltd.
A1304	A	Metal Sections Ltd.
A1305	A	Metalastik Ltd.
A1306	A	Metallurgical Chemists Ltd.
A1307	A	Metalon Steels Ltd.
A1308	A	Metropolitan-Vickers Electrical Export Co. Ltd.
A1309	A	Mettoy Co. Ltd.
A1310	A	Meyer (Albert) Ltd.
A1311	A	M. G. Car Co. Ltd.
A1312	A	Mica Mfg. Co. Ltd.
A1313	A	Micaletric Ltd.
A1314	A	Mickle (Harry)Mickle Harry
A1315	A	Middlemost Bros. & Co. Ltd.
A1316	A	Middlesex Toy Industries Ltd.
A1317	A	Midgley & Sutcliffe Ltd.
A1318	A	Midland Leather Co. Ltd.
A1319	A	Midland Mfrs Export Clothing Group Ltd.
A1320	A	Midland Utilities Ltd.
A1321	A	Midwinter (W. R.) Ltd.
A1322	A	Miles-Martin Pen Co. Ltd.
A1323	A	Mills (James), (Exors of) Ltd.
A1324	A	Mills (John) & Co. (Llandidloes) Ltd.
A1325	A	Millspaugh Ltd.
A1326	A	Milnes (Henry) Ltd.
A1327	A	Mini-Motor (Gt. Britain) Ltd.
A1328	A	Mining & Chemical Products Ltd.
A1329	A	Minnis(J. & J.)
A1330	A	Minton (Louis) Ltd.
A1330a	A	Minton’s Ltd.
A1331	A	Mitcham Rubber Co. Ltd.
A1332	A	Mitchell (William), (Sinkers) Ltd.
A1333	A	Mitchell Engineering Group
A1334	A	Model Modes Ltd.
A1335	A	Moffat Bros. (London) Ltd.
A1336	A	Mond Nickel Co. Ltd.
A1337	A	Monk (S. A.) Ltd.
A1338	A	Monmore Conduits Ltd.
A1339	A	Mono Pumps Ltd.
A1340	A	Monotype Corp. Ltd.
A1341	A	Monsanto Chemicals Ltd.
A1342	A	Monteiths Ltd.
A1343	A	Montfort (Knitting) Mills Ltd.
A1344	A	Moon Bros. Ltd.
A1345	A	Moore (C. F.) & Sons Ltd.
A1346	A	Moore Johnston & Co. Ltd.
A1347	A	Moore & Wright Ltd.
A1348	A	Moores (J.) & Sons Ltd.
A1349	A	Moorhouse & Brook Ltd.
A1350	A	Mora Machine Co.
A1351	A	Morgan Crucible Co. Ltd.
A1352	A	Morganite Exports Ltd.
A1353	A	Morganite Resistors Ltd., Jarrow, Co.
A1354	A	Morleys Ltd.
A1355	A	Morny Ltd.
A1356	A	Morrall (Abel) Ltd.
A1357	A	Morries & Yeomans Ltd.
A1358	A	Morris (A.)
A1359	A	Morris (George) & Son Ltd.
A1360	A	Morris (Philip) & Co. Ltd.
A1361	A	Morris (Philip), (Bradford) Ltd.
A1362	A	Morris Motors Ltd.
A1363	A	Morse Chain Co. Ltd.
A1364	A	Morson (Thomas) & Son Ltd.
A1365	A	Morton (B. K.) & Co. Ltd.
A1366	A	Moseley (David) & Son Ltd.
A1367	A	Moss (Thos.) & Sons Ltd.
A1368	A	Moss & Gamble Bros. Ltd.
A1369	A	Mothersill Remedy Co. Ltd.
A1370	A	Movitex Plastic Fasteners Ltd.
A1371	A	M. S. S. Recording Co. Ltd.
A1372	A	Muirhead & Co. Ltd.
A1373	A	Muirhead (Andrew) & Son
A1374	A	Mullard Electronic Products Ltd.
A1375	A	Muller & Co. (England) Ltd.
A1376	A	Multicore Solders Ltd.
A1377	A	Multitone Electric Co. Ltd.
A1378	A	Murdoch, Hillson Ltd.
A1379	A	Murex Ltd.
A1380	A	Murex Welding Processes Ltd.
A1381	A	Murgatroyd Bros. Ltd.
A1382	A	Murgatroyd & Partners Ltd.
A1383	A	Murphy & Stevenson Ltd.
A1384	A	Murray Sons & Co. Ltd.
A1385	A	Musgrave Spinning Co. Ltd.
A1386	A	Mycalex Ltd.
A1387	A	Myers (M.) & Son Ltd.
A1388	A	Myers (Wayne V.) & Co. Ltd.
A1389	A	Myford Engineering Co. Ltd.
A1389a	A	Nahums Union Mills Ltd.
A1390	A	Napper (F.) & Son
A1391	A	Nash Tyzack Industries Ltd.
A1392	A	Nathan (Henry) & Co. Ltd.
A1393	A	National Trade Press Ltd.
A1394	A	National Tube Co. Ltd.
A1395	A	Naumann, Gepp & Co. Ltd.
A1396	A	Neal (R. H.) & Co. Ltd.
A1397	A	Neckar Water Softener Co. Ltd.
A1398	A	Needle Industries Ltd.
A1399	A	Negretti & Zambra Ltd.
A1400	A	Neill (James) & Co. (Sheffield) Ltd.
A1401	A	Nettler (F.) Ltd.
A1402	A	New Conveyor Co. Ltd.
A1403	A	New Jarrow Steel Co. Ltd., Consett, Co.
A1404	A	New Northern Spinning & Weaving Co.
A1405	A	New Zealand Shipping Co. Ltd.
A1406	A	Newall Engineering Co. Ltd.
A1407	A	Newalls Insulation Co. Ltd., Washington, Co.
A1408	A	Newey Bros. Ltd.
A1409	A	Newhill & Earnshaw Ltd.
A1410	A	Newman, Hender & Co. Ltd.
A1411	A	Newman's Slippers Ltd.
A1412	A	Newmans Tubes Ltd.
A1413	A	Newsome (Joseph) & Sons Ltd.
A1414	A	Newsome & Spedding Ltd.
A1415	A	Newton & Bennett Ltd.
A1416	A	Newton, Lansdowne & Co. Ltd.
A1417	A	Nicholson & Co. Ltd.
A1418	A	Nicholson (J. & W.) & Co. Ltd.
A1419	A	Nicholson Sons & Daniels Ltd.
A1420	A	Nickols (Richard) & Son Ltd.
A1421	A	Nield’s Patent Ltd.
A1422	A	Nipa Laboratories Ltd.
A1423	A	Nixon (George) & Co. Ltd.
A1424	A	Noble & Lund Ltd.
A1425	A	Nodor Co. Ltd.
A1425a	A	Norris (H.) Ltd.
A1426	A	Norris (S. E.) & Co. Ltd.
A1427	A	North British Boot Lace Co. Ltd.
A1428	A	Northampton Machinery Co. Ltd.
A1429	A	Northern Aluminium Co. Ltd.
A1430	A	Northern Assurance Co. Ltd.
A1431	A	Northern Dairy Engineers Ltd.
A1431a	A	Northern Printing Machinery Co. Ltd.
A1432	A	Northwestern Rubber Co. Ltd.
A1433	A	Norton Motors Ltd.
A1434	A	Norton Valve Co. Ltd.
A1435	A	Notts Hosiery Co. Ltd.
A1436	A	Novalam Furs Ltd., London EC 4. Nuffield Exports Ltd.
A1437	A	Nuggett Polish Co. (Sales) Ltd.
A1438	A	Nuodex International (U. K.) Ltd.
A1439	A	Nutbrown (Thos. M.) Ltd.
A1440	A	Oakey (John) & Sons Ltd.
A1441	A	Obex Ltd.
A1442	A	O-Cedar Ltd.
A1443	A	Odell Leather Co. Ltd.
A1444	A	Ogden Smiths Ltd.
A1445	A	O'Hanlon (Wm.) & Co. Ltd.
A1446	A	Old Bleach Linen Co. Ltd.
A1447	A	Old Bridge Mills Co.
A1448	A	Oliver (R. & O.)
A1449	A	Oliver (Thos) & Sons (Bollington) Ltd.
A1450	A	Oliver’s (William), (Rubber) Ltd.
A1451	A	Oliver Typewriter Mfg. Co. Ltd.
A1452	A	Olley Air Service Ltd.
A1453	A	Olympia Oil & Cake Co. Ltd.
A1454	A	Openshaw (Chas.) & Sons
A1455	A	Oppenheimer Pipes Ltd.
A1456	A	O. R. A. L. (Overseas Representatives Asscn. Ltd.
A1457	A	Orient Steam Navigation Co. Ltd.
A1458	A	Ormrod Hardcastle & Co. Ltd.
A1459	A	Ortho Pharmaceutical Ltd.
A1460	A	Osborn (Samuel) & Co. Ltd.
A1461	A	Overseas Mica Co. Ltd., Edgware, Middx. Overseas Trading Corp. (1939) Ltd., St. Helier, Jersey — see J. Lyons & Co.
A1462	A	Owen (Geo.)
A1463	A	Owen & Holgate Ltd.
A1464	A	Oxo Ltd.
A1465	A	Pacific Steam Navigation Co.
A1466	A	Package Sealing Co. (Export) Ltd.
A1467	A	Padley & Venables Ltd.
A1468	A	Page (Charles G.) Ltd.
A1469	A	Paine (W. F.) Ltd.
A1470	A	Paines & Byrne Ltd.
A1471	A	Palissy Pottery Ltd.
A1472	A	Palmers Corp. Ltd.
A1473	A	Palnut Co. Ltd.
A1474	A	Paneth (Eric) Ltd.
A1475	A	Pape & Sons Ltd.
A1476	A	Paragon China Ltd.
A1477	A	Paripan Ltd.
A1478	A	Parke Davis & Co.
A1479	A	Parker (Frederick) Ltd.
A1480	A	Parker Pen Co. Ltd.
A1481	A	Parker Pipe Co. Ltd.
A1482	A	Parkington (J. R.) & Co. Ltd.
A1483	A	Parkinson (J.) & Son
A1484	A	Parkland Mfg. Co. Ltd.
A1485	A	Parlophone Co. Ltd.
A1486	A	Parson & Crosland Ltd.
A1487	A	Parsons Chain Co. Ltd.
A1488	A	Partos Ltd.
A1489	A	Partridge, Wilson & Co. Ltd.
A1490	A	Pascall (James) Ltd.
A1491	A	Paskin (A. W.) Ltd.
A1492	A	Paterson Engineering Co. Ltd.
A1493	A	Patterson & Stone Ltd.
A1494	A	Pattison Linings Ltd.
A1495	A	Pattreiouex (J. A.) Ltd.
A1496	A	Paulette Fabrics Ltd.
A1497	A	Payen Ltd.
A1498	A	Payne (George) & Co. Ltd.
A1499	A	Peake (W. O.) Ltd.
A1500	A	Pears (A. & F.) Ltd.
A1501	A	Pearson (William) Ltd.
A1502	A	Pearson Bros. Ltd.
A1503	A	Pearson & Foster (Bradford) Ltd.
A1504	A	Pearson’s Antiseptic Co. Ltd.
A1505	A	Peek Bros. & Winch Ltd.
A1506	A	Peek, Frean & Co. Ltd.
A1507	A	Peerless & Ericsson Ltd.
A1508	A	Pegg (Samuel) & Son Ltd.
A1509	A	Pegley-Davies Ltd.
A1510	A	Pegson Ltd.
A1511	A	Peltzer Trading Co. Ltd.
A1512	A	Peninsular & Oriental Steam Navigation Co.
A1513	A	Peradin Ltd.
A1514	A	Percival Aircraft Ltd.
A1515	A	Perfecta Tube Co. Ltd.
A1516	A	Perry (E. S.) Ltd.
A1517	A	Pershke (Frank F.) Ltd.
A1518	A	Pertwee (Frank) & Sons Ltd.
A1519	A	Petmar Industries Ltd.
A1520	A	Petrie & McNaught Ltd.
A1521	A	Petrochemicals Ltd.
A1522	A	Philips (J. & N.) & Co. Ltd.
A1523	A	Phillips (A. W.) Ltd.
A1524	A	Phillips (Chas. H.) Chemical Co. Ltd.
A1525	A	Phillips (Godfrey) Ltd.
A1526	A	Phillips Patents Ltd.
A1527	A	Phillips & Piper Ltd.
A1528	A	Phipps & Son Ltd.
A1529	A	Phoenix Sales Ltd.
A1530	A	Photostat Ltd.
A1531	A	Piccadilly Parcels Ltd.
A1532	A	Pickard (J. E.) & Sons Ltd.
A1533	A	Pictorial Machinery Ltd.
A1534	A	Pike (David) & Co. Ltd.
A1535	A	Pilgrim Way Motor Co. Ltd.
A1536	A	Pinchin, Johnson & Co. Ltd.
A1537	A	Pioneer Rubber Co. Ltd.
A1538	A	Pirelli Ltd.
A1539	A	Pitman (Sir Isaac) & Sons Ltd.
A1540	A	Pittard (C. W.) & Co. Ltd.
A1541	A	Plant Protection Ltd.
A1541a	A	Plasticraft Ltd.
A1542	A	Plastics & General Distributors Ltd.
A1543	A	Platers & Stampers Ltd.
A1544	A	Playne (Wm.) & Co.
A1545	A	Plessey International Ltd.
A1546	A	Plyglass Ltd.
A1547	A	Poetic Knitwear Co.
A1548	A	Pollard (Frederick) & Co. Ltd.
A1549	A	Pollard, Ambler & Co. Ltd.
A1550	A	Pompadour Products Ltd.
A1551	A	Pond’s Extract Co. Ltd.
A1552	A	Poplar Plastics
A1553	A	Porritts & Spencer Ltd.
A1554	A	Port Line Ltd.
A1555	A	Porteous (James) & Co. Ltd.
A1556	A	Portslade By-Products Co. Ltd.
A1557	A	Powell Duffryn Carbon Products Ltd.
A1558	A	Power Specialities Ltd.
A1559	A	Powis (David) & Sons Ltd.
A1560	A	Pratt (F.) & Co. Ltd.
A1561	A	Premier Colloid Mills Ltd.
A1562	A	Pressed Steel Co. Ltd.
A1563	A	Preston Brooke & Co. Ltd.
A1564	A	Preston Tyre Fabric Mfg. Co. Ltd.
A1565	A	Prestwich (J. A.) & Co.
A1566	A	Pretty Polly Hosiery Mills Ltd.
A1567	A	Price Waterhouse & Co.
A1568	A	Priestman Bros. Ltd.
A1569	A	Pringle (Robert) & Son Ltd.
A1570	A	Proctor, Avery & Wood Ltd.
A1571	A	Prodorite Ltd.
A1572	A	Production Tool Alloy Co. Ltd.
A1573	A	Projectile & Engineering Co. Ltd.
A1574	A	Pugh (Charles H.) Ltd.
A1575	A	Pullar (Robert) & Sons (1948) Ltd.
A1576	A	Pullman Spring-Filled Co. Ltd.
A1577	A	Pumpcrete Pump Co. Ltd.
A1578	A	Putridomors Co. Ltd.
A1579	A	Pye Ltd.
A1580	A	Qualcast Ltd.
A1581	A	Quasi-Arc Co. Ltd.
A1582	A	Quayle & Tranter Ltd.
A1583	A	Radcliffe (R.) & Sons (Mossley) Ltd.
A1584	A	Radiant Heating Ltd.
A1585	A	Radiation Group Sales Ltd.
A1586	A	Radio Heaters Ltd.
A1587	A	Radiovisor Parent Ltd.
A1588	A	Ragosine Oil Co. Ltd.
A1589	A	Raleigh Industries Ltd.
A1590	A	Ramer Chemical Co. Ltd.
A1591	A	Ramm's Ltd.
A1592	A	Randall (James H.) & Son Ltd.
A1593	A	Ransome & Marles Bearing Co. Ltd.
A1594	A	Ransomes & Rapier Ltd.
A1595	A	Ratcliffe (Thos.) & Co. Ltd.
A1596	A	Rattray (A. F.) & Co. Ltd.
A1597	A	Raven Oil Co. Ltd.
A1598	A	Rawlplug Co. Ltd.
A1599	A	Rawnsley (S. H.) Ltd.
A1600	A	Raybestos-Belaco Ltd.
A1601	A	Reckitt & Colman (Overseas) Ltd.
A1602	A	Red Hand Compositions Co. Ltd.
A1603	A	Redfern's Rubber Works Ltd.
A1604	A	Redifon Ltd.
A1605	A	Redman (John) Ltd.
A1606	A	Rees (L.) & Co. Ltd.
A1607	A	Reeves & Sons Ltd.
A1608	A	Reflecting Road Studs Ltd.
A1609	A	Regent Axle Co.
A1610	A	Regent Metals Ltd.
A1611	A	Regent Mills Ltd.
A1612	A	Reid & Welsh Ltd.
A1612a	A	Reid, Wright & Holloway Ltd.
A1613	A	Remax Ltd.
A1614	A	Rendell (W. J.) Ltd.
A1615	A	Renold & Coventry Chain Co. Ltd.
A1616	A	Resinous Chemicals Ltd., Blaydon, Co.
A1617	A	Reslosound Ltd.
A1618	A	Rev Motors Ltd.
A1619	A	Revertex Ltd.
A1620	A	Revvo Castor Co. Ltd.
A1621	A	Reynolds Tube Co. Ltd.
A1622	A	R. F. D. Co. Ltd.
A1623	A	Rheostatic Co. Ltd.
A1624	A	Rhodes (H.) & Bros. Ltd.
A1625	A	Rhokana Corp. Ltd.
A1626	A	Richard (A.) & Co.
A1627	A	Richards (George) & Co. Ltd.
A1628	A	Richardson (A. G.) & Co. Ltd.
A1629	A	Richardson Bros. & Larmour Ltd.
A1630	A	Richardson (J. N.) Sons & Owden Ltd.
A1631	A	Rickards (E. D.) & Co.
A1632	A	Riddell (William), Cousland & Co. Ltd.
A1633	A	Ridge (Alan J.) & Co. Ltd.
A1634	A	Ridgway (William) & Sons Ltd.
A1635	A	Ridgways Ltd.
A1636	A	Riley (T. W.), (Rochdale) Ltd.
A1637	A	Riley Motors Ltd.
A1638	A	Rimmel (Eugene), (England) Ltd.
A1639	A	Ripaults Ltd.
A1640	A	Ripley Mfg. Co. Ltd.
A1641	A	Ritchie (James) & Co.
A1642	A	Roberts (George) & Co. Ltd.
A1643	A	Roberts (J. W.) Ltd.
A1644	A	Robertson (H. H.) Co.
A1645	A	Robertson (W. H. A.) & Co. Ltd.
A1646	A	Robertson Bakery Engineers Co.
A1647	A	Robertson & Woodcock Ltd.
A1648	A	Robin Hood Cycle Co. Ltd.
A1649	A	Robinson (Jas.) & Sons
A1650	A	Robinson (L.) & Co. (Gillingham) Ltd.
A1651	A	Robinson (W. H.) & Co. (Bradford) Ltd.
A1652	A	Roe (A. V.) & Co. Ltd.
A1653	A	Rogers (J.) Ltd.
A1654	A	Rolls Razor Ltd.
A1655	A	Rolls-Royce Ltd.
A1656	A	Romac Industries Ltd.
A1657	A	Romary (A.) & Co. Ltd.
A1658	A	Roneo Ltd.
A1659	A	Ronson Products Ltd.
A1660	A	Roosen Silks Ltd.
A1661	A	Rootes Ltd.
A1662	A	Roper (E. A.) & Co. Ltd.
A1663	A	Rose (J. L.) Ltd.
A1664	A	Rose (L.) & Co. Ltd.
A1665	A	Rose Bros. (Gainsborough) Ltd.
A1666	A	Rosedale Associated Mfrs Ltd.
A1667	A	Ross (Joseph) & Co. Ltd.
A1668	A	Rossell (Henry) & Co. Ltd.
A1669	A	Rotolift Sales Co.
A1670	A	Rover Co. Ltd.
A1671	A	Rowe (S. O.) & Son Ltd.
A1672	A	Rowett, Legge & Co. Ltd.
A1673	A	Rowley (R.) & Co. Ltd.
A1674	A	Rowney (Geo.) & Co. Ltd.
A1675	A	Rownson, Drew & Clydesdale Ltd.
A1676	A	Royal Mail Lines Ltd.
A1677	A	Rubber Industries & Sherman Chemicals Ltd.
A1678	A	Rubber Regenerating Co. Ltd.
A1679	A	Rubberware Ltd.
A1680	A	Rubie (E.) & Sons Ltd.
A1681	A	Rucker & Bencraft (I. A.), London EC 3. Rudge-Whitworth Ltd.
A1682	A	Runbuken Electrical Products
A1683	A	Runnymede Rubber Co. Ltd.
A1684	A	Russell (S.) & Sons Ltd.
A1685	A	Russell Constructions Ltd.
A1686	A	Ruston & Hornsby Ltd.
A1687	A	Ruston-Bucyrus Ltd.
A1688	A	Rycroft Bros.
A1689	A	Ryder (Thos.) & Son Ltd.
A1690	A	Sabin (J. A.) Ltd.
A1691	A	Sadler (James) & Sons Ltd.
A1692	A	Sagar (J.) & Co. Ltd.
A1693	A	Sagar (W. & J.) Ltd.
A1694	A	Sage (Peggy) Ltd.
A1695	A	St. Albans Rubber Co. Ltd.
A1696	A	St. Andrews Weaving Co. Ltd.
A1697	A	Salford Electrical Instruments Ltd.
A1698	A	Salter (Geo.) & Co. Ltd.
A1699	A	Samuel (H.) Ltd.
A1700	A	Sandeman (Geo. G.) Sons & Co. Ltd.
A1701	A	Sanderson (John) & Son (1929) Ltd.
A1702	A	Sanderson (R. & A.) & Co.
A1703	A	Sanderson (Wm.) & Son Ltd.
A1704	A	Sandford (William) & Son Ltd.
A1705	A	Sankey (J. H.) & Son Ltd.
A1706	A	Sankey (J. H.) & Son Ltd.
A1707	A	Saunders (Peter)Saunders Peter
A1708	A	Saunders Valve Co. Ltd.
A1709	A	Sauven Perforating Machine Co.
A1710	A	Saville (J. J.) & Co. Ltd.
A1711	A	Savory (H. L.) & Co. Ltd.
A1712	A	Saxon Components Ltd.
A1713	A	Scharf (E.)
A1714	A	Schermuly Pistol Rocket Apparatus Ltd.
A1715	A	Schindler (J. J.) & Co. Ltd.
A1716	A	Schluter (Edm.) & Co. Ltd.
A1717	A	Schoenholzer (Otto)Schoenholzer Otto
A1718	A	Schofield (S. A.)
A1719	A	Scholl Mfg. Co. Ltd.
A1720	A	Schweppes Ltd.
A1721	A	Sciex, Scientific Exports (Great Britain) Ltd.
A1722	A	Sclater (John) & Co.
A1723	A	Scott (Peter) & Co. Ltd.
A1724	A	Scott & Bowne Ltd.
A1725	A	Scott & Turner Ltd.
A1726	A	Scott, Wilson Worsteds Ltd.
A1727	A	Scottish Towel Co. Ltd.
A1728	A	Scriven (William) & Co. Ltd.
A1729	A	Scrivener (Arthur) Ltd.
A1730	A	S. D. Syndicate Ltd.
A1731	A	S. & D. Rivet Co.
A1732	A	Seager, Evans & Co. Ltd.
A1733	A	Sebel Products Ltd.
A1734	A	Sections & Mouldings (B'ham) Ltd.
A1734a	A	Seddon Motors Ltd.
A1735	A	Selcol Products
A1736	A	Selka (S.)
A1737	A	Selson Machine Tool Co. Ltd.
A1738	A	Semler (J.)
A1739	A	Senior Economisers Ltd.
A1740	A	Serv-i-tor Brush Co. Ltd.
A1741	A	Shackleton (Roger) & Son Ltd.
A1742	A	Sharp (Edward) & Sons Ltd.
A1743	A	Sharp & Dohme Ltd.
A1744	A	Shaw (A.) & Son (Diamonds) Ltd.
A1745	A	Shaw (John) & Sons Ltd.
A1746	A	Shaw (John) & Sons (Salford) Ltd.
A1747	A	Shaw Savill & Albion Co. Ltd.
A1748	A	Shaw Son & Co.
A1749	A	Shawnigan Ltd.
A1750	A	Sheffield Twist Drill & Steel Co. Ltd.
A1751	A	Shell Petroleum Co. Ltd.
A1752	A	Shephard, Wright & Co.
A1753	A	Sherwood Knitwear Co.
A1754	A	Shetack Tool Works Ltd.
A1755	A	Shilton Ltd.
A1756	A	Shirley Mfg. Co. Ltd.
A1757	A	Short Bros. & Harland Ltd.
A1758	A	Sigma Instrument Co. Ltd.
A1759	A	Silent Channel Co. Ltd.
A1760	A	Silentbloc Ltd.
A1761	A	Silorators Ltd.
A1762	A	Silvro Mfg. Co. Ltd.
A1763	A	Simmonds Aerocessories Ltd.
A1764	A	Simmons & Co.
A1765	A	Simon, May & Co. Ltd.
A1766	A	Simpson (A.)
A1767	A	Simpson (S.) Ltd.
A1768	A	Simpson & Godlee Ltd.
A1769	A	Simpson, Roberts & Co.
A1770	A	Simpsons (Potters) Ltd.
A1771	A	Sinclair (John) Ltd.
A1772	A	Sinclair, Owen & Co. Ltd.
A1773	A	Singer (James) & Co. Ltd.
A1774	A	Singer Motors Ltd.
A1775	A	Sippel (B. & J.) Ltd.
A1776	A	Sixten & Cassey Ltd.
A1777	A	Skarsten Mfg. Co. Ltd.
A1778	A	Skefko Ball Bearing Co. Ltd.
A1779	A	Skelton (C. T.) & Co. Ltd.
A1780	A	Slater (John), (Stoke) Ltd.
A1781	A	Slazengers Ltd.
A1782	A	Slick Brands Ltd.
A1783	A	Slip Products Co. Ltd.
A1784	A	Small & Parkes Ltd.
A1785	A	Smart & Brown (Machine Tools) Ltd.
A1786	A	Smith (Frederick) & Co. Wire Manufacturers Ltd.
A1787	A	Smith (J. W. & T. A.) Ltd.
A1788	A	Smith (S.) & Sons (England) Ltd.
A1789	A	Smith (S.) & Sons (Radiomobile) Ltd.
A1790	A	Smith (Sidney), (Industries) Ltd.
A1791	A	Smith (Stanley) & Co.
A1792	A	Smith (Sydney) & Sons Ltd.
A1793	A	Smith (T. & H.) Ltd.
A1794	A	Smith & Nephew (T. J.) Ltd.
A1795	A	Smith (Wilfrid) Ltd.
A1796	A	Smith & Calverley Ltd.
A1797	A	Smith Kendon Ltd.
A1798	A	Smiths Aircraft Instruments Ltd.
A1799	A	Smiths English Clocks Ltd.
A1800	A	Smiths Motor Accessories Ltd.
A1801	A	Smyth-Horne Ltd.
A1802	A	Snow & Co. Ltd.
A1803	A	Sobranie Ltd.
A1804	A	Soden (H.) & Sons Ltd.
A1805	A	Soldans Ltd.
A1806	A	Solent Carpet Co. Ltd.
A1807	A	Solex Ltd.
A1808	A	Solport Bros. Ltd.
A1809	A	Souplex Ltd.
A1810	A	South American Saint Line Ltd.
A1811,	A	South Wales Chemical Works Ltd., Barry, Glam. South Wales Switchgear Ltd.
A1812	A	Southern Instruments Ltd.
A1813	A	Southern Music Publishing Co. Ltd.
A1814	A	Spalding (A. G.)
A1815	A	Sparklets Ltd.
A1816	A	Spear & Jackson Ltd.
A1817	A	Specialloid Ltd.
A1818	A	Spence, Bryson & Co. Ltd.
A1819	A	Spencer (George), Moulton & Co. Ltd.
A1820	A	Spencer Wire Co. Ltd.
A1821	A	Spermolin Ltd.
A1822	A	Sperryn & Co.
A1823	A	Spicer Food & Chemical Co. Ltd.
A1824	A	Spillers Ltd.
A1825	A	Spiral Saws Ltd.
A1826	A	Spratt’s Patent Ltd.
A1827	A	Stablond Laboratories Ltd.
A1828	A	Stamm & Partners Ltd.
A1829	A	Standard Chemical & Pharmaceutical Corp. Ltd.
A1830	A	Standard Engineering Co. Ltd.
A1831	A	Standard Hack Saw Co. Ltd.
A1832	A	Standard Marine Insurance Co. Ltd.
A1833	A	Standard Motor Co. Ltd.
A1834	A	Standard Telephones & Cables Ltd.
A1835	A	Standen & Co. Ltd.
A1836	A	Stanleigh (E. W. H.) & Co. Ltd.
A1837	A	Stanton Ironworks Co. Ltd.
A1838	A	Stead (Chas. F.) & Co. Ltd.
A1839	A	Stead (J.) & Co. Ltd.
A1840	A	Steel Co. of Wales Ltd.
A1841	A	Steel Co. of Wales (Lysaght Works) Ltd.
A1842	A	Steels & Busks Ltd.
A1843	A	Steels Associated Industries
A1844	A	Steels Engineering Products Ltd.
A1845	A	Steinle (Leo C.) Ltd.
A1846	A	Sterling Foundry Specialities Ltd.
A1847	A	Sterns Ltd.
A1848	A	Stevens & Pedley Ltd.
A1849	A	Stevenson & Son Ltd.
A1850	A	Stewart (Andrew), (Woollens) Ltd.
A1851	A	Stewart (Robert) & Sons
A1852	A	Stewart (Robert) & Sons Ltd.
A1853	A	Stewart Bros. & Co. (Glasgow) Ltd.
A1854	A	Stewart & Lloyds Ltd.
A1855	A	Stimpson Bros. Ltd.
A1856	A	Stoddard (A. F.) & Co. Ltd.
A1857	A	Stokes & Co. Ltd.
A1858	A	Stonards Ltd.
A1859	A	Stone (H. G.) & Co. Ltd.
A1860	A	Stonehouse Works Co.
A1861	A	Storey Bros. & Co. Ltd.
A1862	A	Story & Co. (Wholesale) Ltd.
A1863	A	Stothert & Pitt Ltd.
A1864	A	Stott & Smith Ltd.
A1865	A	Strachan & Henshaw Ltd.
A1866	A	Strand (Victor B.) Ltd.
A1867	A	Strange (G. F.) & Co. Ltd.
A1868	A	Stratton & Co. Ltd.
A1869	A	Strauss & Co. (Fabrics) Ltd.
A1870	A	Stream-Line Filters Ltd.
A1871	A	Strick Line (1933) Ltd.
A1872	A	Strong & Fisher Ltd.
A1873	A	Stuart & Sons Ltd.
A1874	A	Stuart, Surridge & Co. Ltd.
A1875	A	Stuart Turner Ltd.
A1876	A	Stubbs (C. L.) & Co. Ltd.
A1877	A	Sturge (John & E.) Ltd.
A1878	A	Sturges Bladon & Middleton
A1879	A	Sturmey-Archer Gears Ltd.
A1880	A	S. U. Carburetter Co. Ltd.
A1881	A	Sudlow (R.) & Sons Ltd.
A1882	A	Suffolk Iron Foundry (1920) Ltd.
A1883	A	Summers (E. G.) Ltd.
A1884	A	Summers (John) & Sons Ltd.
A1884a	A	Summit Pens Ltd.
A1885	A	Sun Cycle Co., Birmingham. Sunbeam cycles — see B. S. A. Sunbeam-Talbot Ltd.
A1886	A	Sunvic Controls Ltd.
A1887	A	Superheater Co. Ltd.
A1888	A	Swallow Raincoats Ltd.
A1889	A	Swift (George) & Sons Ltd.
A1890	A	Swift Levick & Sons Ltd.
A1891	A	Swift-Summerskill Ltd.
A1892	A	Swindells (George) & Son Ltd.
A1893	A	Sykes (W. E.) Ltd.
A1894	A	Symington (Wm.) & Son Ltd.
A1895	A	Symonds (H.) & Co. Ltd.
A1896	A	Synthena (Plastics) Ltd.
A1897	A	abaco Torcido Traders Ltd.
A1898	A	Tailored Coats Ltd.
A1899	A	Talbot Spinning & Weaving Co. Ltd.
A1900	A	Talbot-Stead Tube Co. Ltd.
A1901	A	Tallis (E.) & Sons Ltd.
A1902	A	Tampimex Oil Products Ltd.
A1903	A	Tan-Sad Ltd.
A1904	A	Tan-Sad Chair Co. (1931) Ltd.
A1905	A	Tanners Hide Buying Association Ltd.
A1906	A	Tapestry Weavers (Ulster) Ltd.
A1907	A	Tapley Meters Ltd.
A1908	A	Taskers of Andover Ltd.
A1909	A	Tate & Lyle Ltd.
A1910	A	Tay Tool Works Ltd.
A1911	A	Taylor (C. F.), (Golden Eagle) Ltd.
A1912	A	Taylor (Charles) Ltd.
A1913	A	Taylor (Humphrey) & Co. Ltd.
A1914	A	Taylor (Percy) Ltd.
A1915	A	Taylor Bros. & Co. Ltd.
A1916	A	Taylor & Jones Ltd.
A1917	A	Taylor, Taylor & Hobson Ltd.
A1918	A	Taylors (John) Ltd.
A1919	A	Tea Planters & Importers Co.
A1920	A	Team Valley Weaving Industries Ltd.
A1921	A	Teasdale & Co. Ltd.
A1922	A	Tecalemit Ltd.
A1923	A	Technical Diamonds Ltd.
A1924	A	Teleflex Products Ltd.
A1925	A	Telegraph Condenser Co. Ltd.
A1926	A	Telegraph Construction & Maintenance Co. Ltd.
A1927	A	Telemac Ltd.
A1928	A	Templeton (James) & Co. Ltd.
A1929	A	Tenaplas (Sales) Ltd.
A1930	A	Textilex Co. Ltd.
A1931	A	Theak & Roskilly (Frank) Ltd.
A1932	A	Thermal Syndicate Ltd.
A1933	A	Thomas (Richard) & Baldwins Ltd.
A1934	A	Thompson (Laces) Ltd.
A1935	A	Thompson Spaven (Engineers) Ltd.
A1936	A	Thomson (William) Ltd.
A1937	A	T. I. (Export) Ltd.
A1938	A	T. I. M. (Ticket-Issue Machines) Ltd.
A1939	A	Tootal Broadhurst Lee Co. Ltd.
A1940	A	Torrington Co. Ltd.
A1941	A	Tower Mfg. Co. Ltd.
A1942	A	Tower Press (London) Ltd.
A1943	A	Towers (J. W.) & Co. Ltd.
A1944	A	Townson & Mercer Ltd.
A1945	A	Tracey (W. R.) & Hempel Bros. Ltd.
A1946	A	Transparent Paper Ltd.
A1947	A	Travis Bros. Ltd.
A1948	A	Treforest Chrome Leather Works
A1949	A	Trewhella Bros. Pty Ltd.
A1950	A	Trico-Folberth Ltd.
A1951	A	Trilite (Overseas) Ltd.
A1952	A	Trist (Hubert H. P.) & Co.
A1953	A	Trist (Ronald) & Co. Ltd.
A1954	A	Triumph Engineering Co. Ltd.
A1955	A	Triumph Motor Co. (1945) Ltd.
A1956	A	Trix Ltd.
A1957	A	Trustwell Brothers
A1958	A	Tube Products Ltd.
A1959	A	Tube Rolling Mills Ltd.
A1960	A	Tubes Ltd.
A1961	A	Tuck & Co. Ltd.
A1962	A	Tucker (George) Eyelet Co. Ltd.
A1963	A	Tullis, Russell & Co. Ltd.
A1964	A	Tungsten Mfg. Co. Ltd.
A1965	A	Turnbull & Stockdale Ltd.
A1966	A	Turner (Thos.) & Co. (Cutlers, Sheffield) Ltd.
A1967	A	Turner (William) & Son Ltd.
A1968	A	Turner (William), (Kismet) Ltd.
A1969	A	Turner Bros. Asbestos Co. Ltd.
A1970	A	Twining (Richard) & Co. Ltd.
A1971	A	Twining, Crosfield & Co. Ltd.
A1972	A	Twite (Charles) & Co.
A1973	A	Two Steeples Ltd.
A1974	A	Two Way Talkie Ltd.
A1975	A	Twyfords Ltd.
A1976	A	Tye (John) & Son Ltd.
A1977	A	Tyne-Tees Steam Shipping Co. Ltd.
A1978	A	Tyrer (Thos.) & Co. Ltd.
A1979	A	Tyzack (W. A.) & Co. Ltd.
A1980	A	U. D. Engineering Co. Ltd.
A1981	A	Ulster Corset Mfg. Co. Ltd.
A1982	A	Ulster Pearls L.td.
A1983	A	Ulster Viennese Fabrics Ltd.
A1984	A	Unbrako Socket Screw Co. Ltd.
A1985	A	Unicam Instruments (Cambridge) Ltd.
A1986	A	Unicorn Products Ltd.
A1987	A	Union Castle Mail Steamship Co. Ltd.
A1988	A	Union Oxide & Chemical Co. Ltd.
A1989	A	Uniproducts Ltd.
A1990	A	United Africa Co. Ltd.
A1991	A	United Insulator Co. Ltd.
A1992	A	United Kingdom Tobacco Co. Ltd.
A1993	A	United Steel Companies Ltd.
A1994	A	United Wire Works Ltd.
A1995	A	Unity Corset Factories
A1996	A	Universal Dampers Ltd.
A1997	A	Universal Grinding Wheel Co. Ltd.
A1998	A	Universal Oil Co. Ltd.
A1999	A	U. S. Concessionaires Ltd.
A2000	A	Usher-Walker Ltd.
A2001	A	Utilus Coat Co. Ltd.
A2002	A	Vactite Wire Co. Ltd.
A2003	A	Vactric Ltd.
A2004	A	Valay Industries Ltd.
A2005	A	Van Moppes (L. M.) & Sons Ltd.
A2006	A	Van Moppes (L. M.) & Sons (“Diadust) Ltd.
A2007	A	Van Moppes (L. M.) & Sons (Diamond Tools) Ltd.
A2008	A	Van Oppen & Co. (1935) Ltd.
A2009	A	Vandamm (B. A.) Ltd.
A2010	A	Vann Bros. Ltd.
A2011	A	Vauxhall Motors Ltd.
A2012	A	Vavasseur (J. H.) & Co. Ltd.
A2013	A	Veeder-Root Ltd.
A2014	A	Veedip Ltd.
A2015	A	Veloce Ltd.
A2016	A	Velvet Crepe Paper Co. Ltd.
A2017	A	Velvex Ltd.
A2018	A	Veraloy Products Ltd.
A2019	A	Veritas Drug Co. Ltd.
A2020	A	Vernon & Co. Ltd.
A2021	A	Vessey (John) & Sons Ltd.
A2022	A	V. G. Mfg. Co. Ltd.
A2023	A	Vickerman (B.) & Sons Ltd.
A2024	A	Vickers-Armstrongs Ltd.
A2025	A	Victoria Leather Co. Ltd.
A2026	A	Vidor Ltd.
A2027	A	Vigzol Oil Refining Co. (London) Ltd.
A2028	A	Viking Cycles Ltd.
A2029	A	Villiers Engineering Co. Ltd.
A2030	A	Vincent H. R. D. Co. Ltd.
A2031	A	Vinyl Products Ltd.
A2032	A	Vitamins Ltd.
A2033	A	Vogue Mfg. Co. Ltd.
A2034	A	Vokes Ltd.
A2035	A	Volcrepe Ltd.
A2036	A	Vono Ltd.
A2037	A	Vulcascot (Gt. Britain) Ltd.
A2038	A	Vyth Bros. Ltd.
A2038a	A	WV. A. Co-operative Fruit Export
A2039	A	Waddington (G.) & Son Ltd.
A2040	A	Wade (William) & Co. Ltd.
A2041	A	Wade (Ulster) Ltd.
A2042	A	Wadkin Ltd.
A2043	A	Waite & Saville Ltd.
A2044	A	Wakefield (C. G.) & Co. Ltd.
A2045	A	Wakefield, Greenwood & Co. (Huddersfield) Ltd.
A2046	A	Walford Leopold Shipping Ltd.
A2047	A	Walker (Edwin) & Co. Ltd.
A2048	A	Walker (Hiram) & Sons Ltd.
A2049	A	Walker (James) & Co. Ltd.
A2050	A	Walker (John) & Co. Ltd.
A2051	A	Walker (John) & Sons
A2052	A	Walker (Wm.) & Sons Ltd.
A2053	A	Walker, Crosweller & Co. Ltd.
A2054	A	Wallach Bros. Ltd.
A2055	A	Wallington Weston & Co. Ltd.
A2056	A	Wallis & Linnell Ltd., Kettering. Wall Paper Manufacturers Ltd.
A2057	A	Cockshut (Allan) Branch.
A2058	A	Cunliffe & Ward Branch.
A2059	A	Holmes Chapel Branch.
A2060	A	Lightbown Aspinall Branch.
A2061	A	Sanderson (A.) & Sons
A2062	A	Wallpapers (Consolidated) Ltd.
A2063	A	Walterisation Co. Ltd.
A2064	A	Walters & Dobson Ltd.
A2065	A	Walton (John) & Son Ltd.
A2066	A	Ward (H. W.) & Co.
A2067	A	Ward (Thos.) & Sons Ltd.
A2068	A	Ward (Wm.) & Son (Sheffield) Ltd.
A2069,	A	Ward & Goldstone Ltd.
A2070	A	Warden & Hotchkiss Ltd.
A2071	A	Wardle (Bernard) & Co. Ltd.
A2072	A	Warne (Wm.) & Co. Ltd.
A2072a	A	Warner (W. R.) & Co. Ltd.
A2073	A	Warner & Sons Ltd.
A2074	A	Warsop Power Tools Ltd.
A2075	A	Washington Chemical Co. Ltd., Washington, Co.
A2076	A	Watford Chemical Co. Ltd.
A2077	A	Watford Engineering Works Ltd.
A2078	A	Watford Glass Co. Ltd.
A2079	A	Watkinson (James) & Sons Ltd.
A2080	A	Watliff Co. Ltd.
A2081	A	Watson (R. & W.) Ltd.
A2082	A	Watson (W.) & Sons Ltd.
A2083	A	Watson (W. A. P.) Ltd.
A2084	A	Watson, Saville & Co. Ltd.
A2084a	A	Watts, Watts & Co. Ltd.
A2085	A	Waud (Christopher) & Co. Ltd.
A2086	A	Weathershields Ltd.
A2087	A	Weaver Mfg. & Engineering Co. Ltd.
A2088	A	Webb & Corbett (Thos.) Ltd.
A2089	A	Webley & Scott Ltd.
A2090	A	Webster (C. F.) Ltd.
A2091	A	Webster & Bennett Ltd.
A2092	A	Weddel (W.) & Co. Ltd.
A2093	A	Wedgwood (Josiah) & Sons
A2094	A	Weldless Steel Tube Co. Ltd.
A2095	A	Wells (A.) & Co. Ltd.
A2096	A	Werner (R. L.)
A2097	A	Wesley (Harold) Ltd.
A2098	A	West Cumberland Silk Mills Ltd.
A2099	A	West Indies Chemical Works Ltd.
A2100	A	Westcott & Laurance Line Ltd.
A2101	A	Westgate Industries Ltd.
A2102	A	Westland Aircraft Ltd.
A2103	A	Westley Richards & Co. Ltd.
A2104	A	Westly (R.) & Co. Ltd.
A2105	A	Westminster Laboratories Ltd.
A2106	A	Weston (Charles) & Co. Ltd.
A2107	A	Weston Biscuit Co. (Slough) Ltd.
A2108	A	Westwood (A. E.) Ltd.
A2109	A	Westwood Paper Ltd.
A2110	A	Wetherdair Ltd.
A2111	A	Weymouth Radio Mfg. Co. Ltd.
A2112	A	Whitby & Chandler Ltd.
A2113	A	White (S. S.) Co. of Gt. Britain Ltd.
A2114	A	White (Thos.) & Sons Ltd.
A2115	A	White Horse Distillers Ltd.
A2116	A	White Laboratories Ltd.
A2117	A	Whitham (H.) & Son Ltd.
A2118	A	Whittle (T.) & Sons Ltd.
A2119	A	Whitworth & Mitchell Ltd.
A2120	A	Wickman (A. C.) Ltd.
A2121	A	Widdows (W. & C.)
A2122	A	Wiggin (Henry) & Co. Ltd.
A2123	A	Wild (George), (London) Ltd.
A2124	A	Wild (Thos. C.) & Sons Ltd.
A2125	A	Wildt & Co. Ltd.
A2126	A	Wilkins & Mitchell Ltd.
A2127	A	Wilkinson & Gross
A2128	A	Wilkinson
A2129	A	Wilkinson Sword Co. Ltd.
A2130	A	Wilks & Co. Ltd.
A2131	A	Williams (Hounslow) Ltd.
A2132	A	Williams & Humbert Ltd.
A2133	A	Williamson Mfg. Co. Ltd.
A2134	A	Wills (Arnold) & Co. Ltd.
A2135	A	Wilmot-Breeden Ltd.
A2136	A	Wilson (Grant) & Co. Ltd.
A2137	A	Wilson (John), Marsden Bros. & Co.
A2138	A	Wilson (T. S.) & Co.
A2139	A	Wilson & Glenny Ltd.
A2140	A	Wilson & Herdan Ltd.
A2141	A	Wilson & Longbottom Ltd.
A2142	A	Wilson, Sons & Co. Ltd.
A2143	A	Wilson & Wood Ltd.
A2144	A	Wilsons & Mathiesons Ltd.
A2145	A	Wilton Royal Carpet Factory Ltd.
A2146	A	Wiltshaw & Robinson Ltd.
A2147	A	Windel (Dudley)Windel Dudley
A2148	A	Windolite Ltd.
A2149	A	Windschuegl (Chas. H.) Ltd.
A2150	A	Windsor (H.) & Co. Ltd.
A2151	A	Windsor (R. H.) Ltd.
A2152	A	Wingard (M. A.) Ltd.
A2153	A	Winget Ltd.
A2154	A	Wingrove & Rogers Ltd.
A2155	A	Winsor & Newton Ltd.
A2156	A	Winwick Street Tannery Ltd.
A2157	A	Wolf Electric Tools Ltd.
A2158	A	Wolfgang Bros. Ltd.
A2159	A	Wolseley Motors Ltd.
A2160	A	Wolsey Ltd.
A2161	A	Wolverhampton Metal Co. Ltd.
A2162	A	Wood (Arthur) & Son (Longport) Ltd.
A2163	A	Wood (John) & Son (Tobacco) Ltd.
A2164	A	Wood (J. W.) & Co. Ltd.
A2165	A	Wood Bros. (Glossop) Ltd.
A2166	A	Woodhams (A. N.) & Co. Ltd.
A2167	A	Woodhouse
A2168	A	Woodrow Service Industries
A2169	A	Woods of Colchester Ltd.
A2170	A	Woodward Grosvenor & Co. Ltd.
A2171	A	Wool Trading Co. Ltd.
A2172	A	Woollens & Worsteds Ltd.
A2173	A	Worcester Royal Porcelain Co. Ltd.
A2174	A	World Transport Agency Ltd.
A2175	A	Wormalds & Walker Ltd.
A2176	A	Worrall (Herbert O.) & Co. Ltd.
A2177	A	Wotherspoon & Co. Ltd.
A2178	A	Wren (William) Ltd., Watford. Wright (John) & Co. Ltd.
A2179	A	Wright (J. T.)
A2180	A	Wright (M.) & Sons
A2181	A	Wright Electric Motors (Halifax) Ltd.
A2182	A	Wright, Layman & Umney Ltd.
A2183	A	Wright & Weaire Ltd.
A2183a	A	Wrights' Ropes Ltd.
A2184	A	Wrigley Products Ltd.
A2185	A	Wunderlich (E.) & Co.
A2186	A	Wyeth (John) & Brother Ltd.
A2187	A	Wynn (E. W.), (Ironfounders) Ltd.
A2188	A	Wynn, Timmins & Co. Ltd.
A2189	A	Wynne (T. W.) & Co.
A2190	A	Y angtze (London) Ltd.
A2191	A	Yardley & Co. Ltd.
A2192	A	York Street Flax Spinning Co. Ltd.
A2193	A	Yorkshire Copper Works Ltd.
A2194	A	Yorkshire Ramie Spinning Co. Ltd.
A2195	A	Young (John S.) & Co. Ltd.
A2196	A	Young (J. W.) & Sons
A2197	A	Zemanek & Co. Ltd.
B1	B	Abt-Türler & Co. AG.
B2	B	Achermann & Cie.
B3	B	Adam & Cie.
B4	B	Adamas AG.
B5	B	Adler (Alexander)
B6	B	Adler (Emil)
B7	B	Adroka AG.
B8	B	Aeberhardt (E. D.) AG.
B9	B	Aebi (Robert) & Co. AG.
B10	B	Aeromnium S.A.
B12	B	Air Import Corp.
B13	B	Aisslinger (Hans Rudolf)
B14	B	Aksa (AG.
B15	B	Albiswerk Zürich AG.
B16	B	Aldepha AG.
B17	B	Alder (Otto)
B18	B	Alexander (L. J.)
B19	B	Allamand (L.) S.A.
B20	B	Aluminium Commercial S.A.
B21	B	American Colours Import AG. (Colora Ltd.
B22	B	Ammann (Gustave)
B23	B	Ammann (U.) AG.
B24	B	Ampack
B25	B	Anderes (Rudolf)
B26	B	Angst & Pfister AG.
B27	B	Annuncias AG.
B28	B	Anra S. à r. l.
B29	B	Apco AG.
B30	B	Arcora-Leder AG.
B31	B	Ard AG.
B32	B	Ardor S.A.
B33	B	
B34	B	Arlaud (Marcel)
B35	B	Äsper (Col. Ernst)
B36	B	Astoba (A. Stoeckle)
B37	B	A. T. A. (Société)
B38	B	Au Berceau d’Or
B39	B	Augsburger (E. & A.) AG.
B40	B	Automobilwerke Holka AG.
B41	B	Daader (Willy)
B42	B	Babel S.A.
B43	B	Bachem (R.)
B44	B	Bachmann (Henri)
B45	B	Bachmann (Otto)
B46	B	Bachmann & Beyer (Nachf. Th. Beyer)
B47	B	Bachofen & Co.
B48	B	Bader (Albert)
B49	B	Baechler & Wettstein
B50	B	Baehler (F. P.)
B51	B	Baezner & Cie.
B52	B	Barbezat & Cie.
B53	B	Bariffi & Wullschleger S.A.
B54	B	Barras (Marius)
B55	B	Basler Drogerie Bohny & Co. AG.
B56	B	Basler Lagerhausgesellschaft AG.
B57	B	Bauer (Camille) AG.
B58	B	Baumann (Ernst) AG.
B59	B	Baumann (F.)
B60	B	Baumann (Hans)
B61	B	Baumann (Theodor) & Co.
B62	B	Baumgartner (Gottfried)
B63	B	Baumgartner (Wilh. J.)
B64	B	Becker (Fritz)
B65	B	Behrend & Schaffner
B66	B	Belco Sanitäre Apparate AG.
B67	B	Bender (F.)
B68	B	Bender (Dr.) & Dr. Hobein AG.
B69	B	Benjamin (B. D.)
B70	B	Benz (Emil) Import AG.
B71	B	Benz & Cie.
B72	B	Bergeon & Cie.
B73	B	Berger & Co.
B74	B	Berlie (F.)
B75	B	Bertsch (Herbert)
B76	B	Biag AG.
B77	B	Biedermann-Marx (M.)
B78	B	Bienstock (J.)
B79	B	Biro-Werk AG.
B80	B	Bischoff (P.)
B81	B	Bittmann (Carl)
B82	B	Blanc & Paiche S.A.
B83	B	Blanc-Wirthlin (E.)
B85	B	Blatter (Dr.) & Co.
B86	B	Blattmann
B87	B	Blaufries Basel AG.
B89	B	Bloch (Albert)
B90	B	Bloch-Wyler (Moritz)
B91	B	Bohner (H. R.), S.A.
B92	B	Bollag (J.)
B93	B	Bollag (Siegfried) & Cie.
B94	B	Bondanini (Etablissements F.)
B95	B	Böni (E. & L.)
B96	B	Borkowsky (Fritz)
B97	B	Born & Stucki AG.
B98	B	Borner (O. L.)
B99	B	Bossard (Carl)
B100	B	Bossart (Max)
B101	B	Bosshard (Emil) & Co.
B102	B	Bosshard (Hans U.)
B103,	B	Bosshardt & Co. AG.
B104	B	Bossi (Rudolf)
B105	B	Bourgeois (Pierre A.)
B106	B	“B. P.“ Benzin & Petroleum AG.
B107	B	Brack (William)
B108	B	Bradma AG.
B109	B	Braillard (Charles)
B110	B	Brand (C.) AG.
B111	B	Brandenberger (AG.
B112	B	Braunschweig (Emmanuel)
B113	B	Brawand-Weingartner (H.)
B114	B	Breitschmid (Hugo)
B115	B	Brenneisen (H.) & Co. AG.
B116	B	Bretscher (B.)
B117	B	Brevitt (Schuhfabrik) AG.
B118	B	British-American Tobacco Co. Ltd.
B119	B	British European Airways Corporation
B120	B	British Railways (A. H. Bell)
B121	B	Britma
B122	B	Brun & Co.
B123	B	Brütsch, Rüegger & Co.
B124	B	Bubeck & Dolder
B125	B	Bucher (Erwin)
B126	B	Büchi (H.)
B127	B	Buchmann & Cie.
B128	B	Bural S. à r. l.
B129	B	Bürke & Co.
B130	B	Büromeier
B131	B	Bürstenfabrik Walther AG.
B132	B	Bütschi (W.)
B133	B	Campiche (Ch.)
B134	B	Camredon (R.)
B135	B	Caprez (Gion)
B136	B	Cassell (J. W.)
B137	B	C. G. E., S.A. de vente de la Cie.
B138	B	Chantre (Charles)
B139	B	Chavannes (Arthur)
B140	B	Chemische Fabrik Schweizerhall AG.
B141	B	Cherf (Th.)
B142	B	Christ (Theodor)
B143	B	Christen & Co. AG.
B144	B	Christen (M. F.) Ing.
B145	B	Christen (W. P.)
B146	B	Ciba AG.
B147	B	City Garage AG.
B148	B	Clensol S. à r. l.
B149	B	Coate (F.)
B150	B	Cohn (Alfred)
B151	B	Colnaghi (Theodor)
B152	B	Colombo (Enterprise Albert) S.A.
B153	B	Columeta S.A.
B155	B	Commercial Corporation S.A.
B156	B	Continental Licht- und Apparatebau AG.
B157	B	Coray (J.)
B158	B	Courvoisier & Co. S.A.
B159	B	Courvoisier Fils
B160	B	Crispin Service AG.
B161	B	Crowe & Co. AG.
B162	B	Csuka (Marcel)
B163	B	Cuénoud (J.)
B164	B	Cuhat (Armand) & Co.
B165	B	Cunard Line AG.
B166	B	Danzas & Co. AG.
B167	B	Darphin (Joseph)
B168	B	De la Rue (Thos.) & Co. Ltd.
B169	B	De Lengerke (J. E.)
B170	B	Del Bianco (Mario) S. à r. l.
B172	B	Demont (Alfred)
B173	B	Derendinger (J. J.) GmbH.
B174	B	Destraz (G.)
B174a	B	Dewald (André) & Sohn AG.
B175	B	Dienemann (Curt)
B176	B	Diethelm & Co. AG.
B177	B	Dittli (W. E.)
B178	B	Dixon AG.
B179	B	Doetsch, Grether & Cie. AG.
B180	B	Dolder (Emil)
B181	B	Dovat (E.) “Chemico
B182	B	Dreifuss-Guggenheim & Cie.
B183	B	Drenowatz (C. A.)
B184	B	Dreyer (H.)
B185	B	Dreyfus (Louis)
B186	B	Dreyfus-Hauser & Cie.
B187	B	Droux (P.)
B188	B	Drytester GmbH.
B189	B	Dufour (L. S.)
B190	B	Dumaco (G. Manta)
B191	B	Dumas (L.)
B192	B	Dumont (Henri)
B193	B	Dumoulin & Juillerat
B194	B	Dunlop Pneumatik AG.
B195	B	Dural AG.
B196	B	Dürr (A.) & Co. AG.
B197	B	Egli (Willi) & Co.
B198	B	Egloff (A.)
B199	B	Egofil AG.
B200	B	Eich & Co.
B201	B	Eigenheer (Otto)
B202	B	Eiselin (A.) & Co.
B203	B	Electric GmbH.
B204	B	Ellams Duplicator AG.
B205	B	Elmag, C. W. Schnyder AG.
B206	B	Elmer (Otto) & Co.
B207	B	Els (Alfred)
B208	B	Emag S.A.
B209	B	Emalco S.A.
B210	B	Emrich (E.)
B211	B	Engel (E. & R.)
B212	B	Engler & Co.
B213	B	Erdöl- und Teerprodukte (AG.
B214	B	E. S. A.
B215	B	Eschler (M.)
B216	B	Eschmann (A.) GmbH.
B217	B	Fabian (B.) & Co.
B218	B	Fabrisa S.A.
B219	B	FAG S.A.
B220	B	Fasler (Hermann)
B221	B	Federspiel (Armin)
B222	B	Fehrlin (Gustave)
B223	B	Fein-Kaller & Co.
B224	B	Feinstahl AG.
B225	B	Ferro-Arc Elektroden AG.
B226	B	Fibag Fahrzeuge und Industriebedarf AG.
B227	B	Fierz (Heinrich)
B228	B	Fierz (Walter) & Co.
B229	B	Filliol (F. A.)
B230	B	Filmo AG.
B231	B	Fink (Charles C.)
B232	B	Firth-Stahl Verkaufs AG.
B234	B	Fischerei- & Sportartikel AG.
B235	B	Fisher (H. C.)
B236	B	Fitra AG.
B237	B	Flachdach- & Terrassenbau AG.
B238	B	Flaigg (G. A.)
B239	B	Fleming (J. & R.) AG.
B240	B	Fleury (H.) & Co.
B241	B	Forrer (Hans G.) & Co.
B242	B	Forrer (Max)
B243	B	Forster (Karl)
B244	B	Forster & Co.
B245	B	Francillon & Cie. S.A.
B246	B	Frankonia AG.
B247	B	Frebal AG.
B248	B	Frei (Paul)
B249	B	Frésard & Cie.
B250	B	Frey (Emil)
B251	B	Frey (Ernst) & Co.
B252	B	Frey (Dr. F. W.)
B253	B	Frey (Hans) AG.
B254	B	Frey-Schneeberger (W.)
B255	B	Fricar AG.
B256	B	Fuchs (Ernst)
B257	B	Furrer (Carl)
B258	B	Fürrer (Rud.) Söhne AG.
B259	B	Gachnang (Emil)
B259a	B	Gaewiller (J. H.)
B260	B	Gafner (Emile)
B260a	B	Gaffner, Ludwig & Co.
B261,	B	Gambichler (Wilhelm)
B262	B	Ganz & Co.
B263	B	Garage de l’Athenée (S.A.
B264	B	Garage du Closelet S.A.
B265	B	Garage Place Claparède, S.A.
B266	B	Gartenmann (C.) & Co. AG.
B267	B	Gastpar, Klaeger & Co.
B268	B	Gautschi (H.) & Co.
B269	B	Geiger (Ernest) S.A.
B270	B	Geistlich (Ed.) Söhne AG.
B271,	B	Gemperli & Bruman
B272	B	General Motors Suisse S.A.
B273	B	George (André C.)
B274	B	Gerig (Gustav) & Co. AG.
B275	B	Gernet (Roger M.)
B276	B	Gietz (Joh.) & Co.
B277	B	Giger (Hans)
B278	B	Gillette Safety Razor Co. (Switzerland) Ltd.
B279	B	Girod (Etablissements Henri) S.A.
B280	B	Globopharm AG.
B281	B	Gloor (Max)
B282	B	Golay (L.)
B283	B	Golay-Buchel & Cie.
B284	B	Goldfarb (Henri)
B285	B	Göldin (Walter)
B286	B	Goldmann (K)
B287	B	Gondrand (Gebr.) AG.
B288	B	Goth & Co. AG.
B289	B	Gottlieb (Harry)
B290	B	Gottlieb (Jacques) & Co.
B291	B	Gough & Co.
B292	B	Gourdou (Gontran)
B293	B	Graf (Ernst)
B294	B	Grieder & Co.
B295	B	Grob (Jakob)
B296	B	Grossenbacher & Co. AG.
B297	B	Guberan (Benjamin)
B298	B	Guberan Frères
B299	B	Guggenheim (Gustav)
B300	B	Guggenheim (Jules)
B301	B	Guggenheim (Silvain)
B302	B	Gummi Hug AG.
B303	B	Gump (G.)
B304	B	Gürtler & Co.
B305	B	Gut (M. W.) & Co.
B306	B	Guyer (Ernst)
B307	B	Gysi (F.)
B308	B	Haeberlin (R.) & Co.
B310	B	Hahn (Frédéric)
B311	B	Haller (Albert)
B312	B	Hartmann (Arthur) & Co.
B313	B	Hartmann (L.)
B314	B	Hasler-Ehrenberg (J.) AG.
B315	B	Haessig (C.) AG.
B316	B	Hassler (Hans) & Co. AG.
B317	B	Haubensak (F.) Söhne AG.
B318	B	Hausamann (J. R.)
B319	B	Hauser (J.)
B319a	B	Heer & Co. AG.
B320	B	Heggli & Co.
B321	B	Heizmann & Regis, vorm. Richard Filsinger Ing. & Cie.
B322	B	Helmensdorfer (W.)
B323	B	Helvepharm GmbH.
B324	B	Hermann (Max)
B325	B	Herz (Joseph)
B326	B	Herzog (Kurt) AG.
B327	B	Herzog (Walter)
B328	B	Hess (Hans)
B329	B	Hess (Jules)
B330	B	Heumann (A.)
B331	B	Himmelspach & Wirz
B332	B	Hintermann (M.) & Co.
B333	B	Hirsch (Fritz)
B334	B	Hirschi (J.) S.A.
B335	B	Hirzel Pharmaceutica (Dr.)
B336	B	Hitz (Bernhard)
B337	B	Hoch & Schenkel
B338	B	Hoeffleur (Albert)
B339	B	Hollinger (Adolf)
B340	B	Hoover-Apparate AG.
B341	B	Hopf (J.) & Cie.
B342	B	Horler (A.)
B343	B	Houghton (Société des produits) S.A.
B344	B	Huber (Emil) & Cie.
B345	B	Huber (F.)
B346	B	Huber (H.) & Co. AG.
B347	B	Huber (Henry) & Cie.
B348	B	Huber (J.) & Cie. AG.
B349	B	Huber (Jean)
B350	B	Hug & Co.
B351	B	Hug & Co.
B352	B	Hugentobler (E.)
B353	B	Hulftegger & Co.
B354	B	Hummel (Roger)
B355	B	Hürlimann (Ing. H.)
B356	B	Hürzeler (W.)
B357	B	Hüsler (Franz)
B358	B	Hydro-Chemie AG.
B359	B	Iffland Frères
B360	B	Im Obersteg (Hans) & Co. AG.
B361	B	Im Obersteg (Charles) & Cie. AG.
B362	B	Imex S.A.
B363	B	Imperial Chemical Industries (Export) Ltd.
B364	B	Impex AG.
B365	B	Inderbitzin (Paul) & Co.
B366	B	India Pneu Ruppmann
B367	B	Industrial Electronics
B368	B	Inglo
B369	B	Ingold (Ernst) & Co.
B370	B	Innendekorationsstoffe (AG.
B371	B	Interbroke Ltd.
B372	B	Intergros AG.
B373	B	Intertrade AG.
B374	B	Irniger (J.) & Co.
B375	B	Isa-Import S.A.
B376	B	Isliker (Albert) & Co.
B377	B	acky, Maeder & Co.
B378	B	Jacot (George A.)
B379	B	Jan S.A.
B380	B	Jenni & Baumgartner
B381	B	Jenssen (Frederik)
B382	B	Joël (Maurice)
B383	B	Joly (S. A.)
B384	B	Jost (Ernst) AG.
B385	B	Junod (Jean)
B386	B	Kahn (Alfred)
B387	B	Kaiser (W.)
B388	B	Kämpfen-Hieronymi & Co.
B389	B	Kapp (L. H.) & Co.
B390	B	Kaufmann (Peter)
B391	B	Kay-Zurich AG.
B392	B	Keller (E.) AG.
B393	B	Keller (J. H.) AG.
B394	B	Keller (Siegfried) & Co.
B395	B	Kiefer (G.) & Co. AG.
B396	B	Kiener (J. G.) & Wittlin AG.
B397	B	Kihm (Ing. Oscar)
B398	B	Kipfer (Hermann R.)
B399	B	Kirchheimer (Max)
B400	B	Kirsten (Albert)
B401	B	Klaus-Haeberlin (E.)
B402	B	Klein (Léon)
B403	B	Klein (William)
B404	B	Kleiner (Arnold)
B405	B	Klinkhoff-Apparate AG.
B406	B	Kloo & Co.
B407	B	Knecht (Ferdinand) AG.
B408	B	Knott (Charles)
B409	B	Köberle (Albert) Maschinen AG.
B410	B	Kodak S.A.
B411	B	Kofmehl (Otto)
B412	B	Kohler (Hans) AG.
B413	B	Kollbrunner (Otto)
B414	B	Koller (H. R.) & Co.
B415	B	Koelliker (Emil)
B416	B	Koenig (Dr. Ing. M.)
B417	B	Kost (Leonhard) & Co.
B418	B	Kotva Export-Import AG.
B419	B	Kraetzer (Ed.)
B420	B	Krebser (J.) & Co.
B421	B	Kristen (H.) & Sohn
B422	B	Kromer (Carlo)
B423	B	Küderli & Co. vorm. Baer & Co.
B424	B	Kuner (R.)
B425	B	Kunz (Alfred) & Co.
B426	B	Kunz (Heinrich)
B427	B	Kunz (W. Emil)
B428	B	Kunz-Pfeiffer (Ernst)
B429	B	Kuoni (Ch. F.)
B430	B	Laboratori Biochimici S.A.
B431	B	Lambert (Eugène)
B432	B	Laesser (Fred.)
B433	B	Lauper-Wüthrich (O.)
B434	B	Lay (John)
B435	B	Layton (John) & Co. Ltd.
B436	B	Leder-Import AG.
B437	B	Leduc (Pierre) S.A.
B437a	B	Lehnherr (W.)
B438	B	Leopold (Fr.) & Cie. AG.
B439	B	L’Eplattenier (Charles)
B440	B	Levy Fils AG.
B441	B	Lévy (Théophile)
B442	B	Liebmann (H.)
B443	B	Liechti (Ernst) & Co.
B444	B	Lier (H.)
B445	B	Lilienfeld (H.)
B446	B	Lips (E.) & Co.
B447	B	Lloyds & National Provincial Foreign Bank Ltd.
B448	B	Locher-Zweifel (E.) & Co.
B449	B	Longini (René)
B450	B	Loew (Hans)
B451,	B	Lucas (Arthur)
B452	B	Ludwig (E.)
B453	B	Lüscher (Hugo)
B454	B	Lüscher, Leber & Cie. AG.
B455	B	Lüscher (Paul)
B455a	B	Lüssi (R.)
B456	B	Lutex S.A.
B457,	B	Lüthi & Co.
B458	B	Lutz & Cie.
B459,	B	Lutz & Stocker AG.
B460	B	Lyner (Henry)
B461	B	Mabie, Todd & Co. (Zurich) AG.
B462	B	Magnin (Etablissements Marcel)
B463	B	Malignon (Charles)
B464	B	Maison Rosita (E. Anliker)
B465	B	Marazzi & Co.
B466	B	Marti (E.) & Co.
B467	B	Marti (Gebr.)
B468	B	Martin (Fritz) & Co.
B469	B	Maschinen AG.
B470	B	Maschinen und Industriebedarf
B471	B	M. A. T. Transport AG.
B472	B	Matebon S.A.
B473	B	Matera AG.
B474	B	Mathez-Sordet (W.)
B475	B	Mathys (A.)
B476	B	Mathys (Paul) & Co.
B477	B	Matthews, Wrightson & Co. Ltd.
B478	B	Maurer (Ernst C.)
B479	B	Mayer (Guido) S.A.
B480	B	Mayer (M.) vorm. H. & M. Mayer
B481	B	Mayer (R.)
B482	B	Mayor (Ernest)
B483	B	Mecanis AG.
B484	B	Meienberg & Co.
B485	B	Meier (Walter)
B486	B	Meister (Arthur E.)
B487	B	Meister (Max C.)
B488	B	Meister (Paul N.)
B489	B	Menk (Louis)
B490	B	Merz (Victor)
B491	B	Messapparate (AG.
B492	B	Messerli (A.)
B493	B	Metropol Automobil Handels AG.
B494	B	Metzner (Henri) S.A.
B495	B	Meyer (Theodor)
B496	B	Meyer-Gasser (Max) AG.
B497	B	Meylan (Eric)
B498	B	Meylan (Theophil)
B499	B	Meystre (Adolphe) S.A.
B500	B	Miauton (E.) & Cie. S.A.
B501	B	Miche (Albert) & Co.
B502	B	Michel (L. E.) S.A.
B503	B	Michel Markt & Co. (Zurich), Inc. & Co.
B504	B	Minerva Agentur für Farben & Lacke
B505	B	Mohr (Emil)
B506	B	Monnier (René)
B507	B	Monotype Corporation Ltd.
B508	B	Montana-Sport
B509	B	Montanprodukte AG.
B510	B	Moos (Fritz) Sohn & Co.
B511	B	Moreau (Georges) & Cie. AG.
B512,	B	Morganite Exports Ltd.
B513	B	Mottier (Edmond)
B514	B	Muggli (Theo) AG.
B515	B	Müller & Co. AG.
B516	B	Müller (E.) & Cie. AG.
B517	B	Müller (Emil)
B518	B	Müller (Ernst) & Co.
B519	B	Müller (Dr. Ing. Hans)
B520	B	Müller (Oscar)
B521	B	Multex AG.
B522	B	Munkacsi
B523	B	Mursell (A. W. J.)
B524	B	Musikvertrieb AG.
B525	B	Musso & Co.
B526	B	Naegeli (Hans)
B527	B	Natural AG.
B528	B	Natural (A.), Le Coultre & Cie. S.A.
B529	B	Navazza (Pierre Fred.)
B530	B	Nebel-Hasler (Joseph)
B531	B	Negocitas S.A.
B532	B	Nessi (Pierre)
B533	B	Neue Amag Automobil & Motoren AG.
B534	B	Neuenschwander (E.)
B535	B	Notz & Co. AG.
B536	B	Novavita AG.
B537	B	Noverraz (Louis)
B538	B	Nussbaumer (Walter)
B539	B	Oberholzer & Co.
B540	B	Obrist (Ernst)
B541	B	Oechslin (Rolf R.)
B542	B	Oederlin (AG.) & Co.
B543	B	Oehninger (E.) S.A.
B544	B	Oettinger (Ing. Charles)
B545	B	Opopharma GmbH.
B546	B	Orient-Teppich Import AG.
B547	B	Orion Werke AG.
B548	B	Orvent AG.
B549	B	Ott & Co.
B550	B	Ott (Gebr.) AG.
B551	B	Overseas Foodstuff Import Trading Co.
B552	B	Pajoma S.A.
B553	B	Pamblanc (L.) & Cie.
B554	B	Papierhaus AG.
B555	B	Papierhof AG.
B556	B	Paragon Co. Lausanne S.A.
B557	B	Partridge (J. E.)
B558	B	Pasche (Louis)
B559	B	Perrot S.A.
B560	B	Perrot Duval (S. A.) & Cie.
B561	B	Pestalozzi & Co.
B562	B	Peter (Emil)
B563	B	Peter (F.) & Co.
B564	B	Petitpierre & Grisel S.A.
B565	B	Pfister (A.) S.A.
B566	B	Pfister (Henri) & Cie.
B567	B	Pfister-Leuthold AG.
B568	B	Pfund (H. E.)
B569	B	Pharmacal & Cie.
B570	B	Pharmacolor AG.
B571	B	Physique & Mécanique S.A.
B572	B	Pianohaus Jecklin
B573	B	Picot (Michel H.)
B574	B	Pilz-Konserven AG.
B575	B	Pista S.A.
B576	B	P. K. Z. Burger-Kehl & Co. AG.
B577	B	Platel (Edmund L.)
B578	B	Plüss (Wilh.)
B579	B	Plüss-Müller (O.)
B580	B	Plüss-Staufer AG.
B580a	B	Pollak (Erwin)
B581	B	Poltéra, Masserey & Cie.
B582	B	Pondil S.A.
B583	B	Poresa Ltd.
B584	B	Pretema S.A.
B585	B	Price, Waterhouse & Co.
B586	B	Prifa AG.
B587	B	Primella AG.
B588	B	Prodentina AG.
B589	B	Prodorite S.A.
B590	B	Profar S.A.
B591	B	Pult (C.)
B592	B	Quarz AG.
B593	B	Rahn (Hans) & Co.
B594	B	Raphael (Jules)
B595	B	Rau AG.
B596	B	Räusser & Co.
B597	B	Regamey (L.)
B598	B	Reimmann (Heinrich) & Co.
B599	B	Reisebureau A. Kuoni AG.
B600	B	Relevo S.A.
B601	B	Renz (Jean)
B602	B	Reymond (A.) & Cie., S.A.
B603	B	Rhein (Gustave)
B604	B	Rickenmann (Ernst)
B605	B	Rieffel (Hans)
B606	B	Riesen (Fritz) & Co.
B607	B	Rieser (Ing. H.)
B608	B	Rihs (Marcel) Ing.
B609	B	Rinderknecht & Co. AG.
B610	B	Ritz (Mrs. Elsa)
B611	B	Riva & Kunzmann AG.
B612	B	Rocatex AG.
B613	B	Roggen (Arnold)
B614	B	Rohrer-Marti (U.)
B615	B	Rölli (Dr. Fritz)
B616	B	Roos (Paul C.)
B617	B	Roost (Rolf)
B618	B	Rosenfeld (Alfred)
B619	B	Rosenthal (Albrecht)
B620	B	Rosset & Cie.
B621	B	Roetschi & Co.
B622	B	Roveda (Attilio)
B623	B	Rubag Rollmaterial & Baumaschinen AG.
B624	B	Rubi (Hans)
B625	B	Rubin (Alfred) & Co.
B626	B	Rueff (Marcel)
B627	B	Rüegg-Naegeli & Cie. AG.
B628	B	Rummelsburg (Arthur)
B629	B	Rutschmann (W. E.)
B630	B	Oafia S.A.
B631	B	Sager & Co.
B632	B	Salvaj & Cie. S.A.
B633	B	Sanochem GmbH.
B634	B	Saric S. à r. l.
B635	B	Sauter (Louis)
B636	B	Saxon Components Ltd.
B637	B	Schaefer (C.)
B638	B	Schaerer (M.) AG.
B639	B	Schaffner (Alfredo)
B639a	B	Scharplaz (J.)
B640	B	Schaufelberger (Otto)
B641	B	Scheller (Emil) & Cie. AG.
B642	B	Schelling (Alfred) & Co.
B643	B	Schenk (R.) & Co. AG.
B645	B	Schiltknecht (Ing. Ernst)
B646	B	Schinz (B.) & Co.
B647	B	Schlatter (Adolf) AG.
B648	B	Schlegel (André) & Cie.
B649	B	Schlör (Jules) AG.
B650	B	Schmids Erben (Adolf) AG.
B651	B	Schmid (Hans)
B652	B	Schmid (H. A.) S.A.
B653	B	Schmid & Gassler
B654	B	Schmid-Matthey
B655	B	Schmidt (Josef)
B656	B	Schneider (H.)
B657	B	Schneider (Th.) & Co.
B658	B	Schnyder (Hch.) & Co.
B659	B	Scholl's orthopädische Spezialitäten (AG.
B660	B	Schönholzer (J.)
B661	B	Schoop AG.
B662	B	Schröder-Steinegger (R.)
B663	B	Schubarth (A.) & Co.
B664	B	Schuler (Th.) & Cie.
B665	B	Schulthess & Sohn
B666	B	Schurter AG.
B667	B	Schütz (W.) S.A.
B668	B	Schweizer (Otto)
B669	B	Schweiz. Maschinen Import AG.
B670	B	Schweiz. Metallurgische Gesellschaft
B671	B	Schweiz. Sprengstoff-Fabrik AG.
B672	B	Schwob (Paul) AG.
B673	B	Sciaroni (Attilio)
B674	B	Sellag AG.
B675	B	Séquin-Dormann (E.)
B675a	B	Serapharm AG.
B676	B	Serva-Technik AG.
B677	B	Service Company AG.
B678	B	Sfindex (Soc. financière d’expansion commerciale et industrielle S.A.
B679	B	Shell Switzerland
B680	B	Siber, Hegner & Co. AG.
B681	B	Sidex S.A.
B682	B	Siegenthaler (F.) S.A.
B683	B	Sigg (N.) & Co. AG.
B684	B	Silko S.A.
B685	B	Simon (A. C.) Ing.
B686	B	S. K. F. Kugellager (AG.
B687	B	Société Commerciale Automobile S. à r. I.
B688	B	Soconemet S.A.
B689	B	Socsil S.A.
B690	B	Sodip S.A.
B691	B	Solatex S.A.
B692	B	Sonderegger & Fischer
B693	B	Souvairan (Aug.)
B694	B	Specken (A.)
B695	B	Specker's Erben (Emil)
B696	B	Spengler (R.)
B697	B	Spinn- und Webwaren AG.
B698	B	Spiral Werkzeuge & Maschinen AG.
B699	B	Spiro (J.)
B700	B	Spörri-Vetterli & Co.
B701	B	Sporting Goods AG.
B701a	B	Springmann (Wilh.)
B702	B	Spyri (Ing. Heinrich)
B703	B	Stadlin (Paul) & Co.
B704	B	Stahag
B705	B	Stahl-Contor AG.
B706	B	Standard Chemie AG.
B707	B	Standard Telephon & Radio AG.
B708	B	Staepel (Willy)
B709	B	Stärkle-Voelkle
B710	B	Staub-Chevelley (E. W.)
B711	B	Staudhammer (J.)
B712	B	Stauffer (A.) & Co. AG.
B713	B	Steffan (P.)
B714	B	Stehelin (P.H.) & Cie.
B715	B	Steinegger (A. G. K.)
B716	B	Steiner (Jean)
B717	B	Steinmann & Hurter (J. Hurter succ.,)
B718	B	Steyling (Hermann J.)
B719	B	Stierli (Jos.) & Co., Limmat-Garage AG.
B719a	B	Stocker (Walter)
B720	B	Stöckli (Anton)
B721	B	Stotz & Co.
B722	B	Strand (Victor B.) S.A.
B723	B	Straub (C.)
B724	B	Struba Gummi AG.
B725	B	Studer & Co. AG.
B726	B	Stutz (Hans), Ing., AG.
B727	B	Suffert-Bürner (F.) AG.
B728	B	Sugro AG.
B729	B	Summerer (H. C.)
B730	B	Surber (Ernst E.). 24
B731	B	Suter AG.
B732	B	Swift (V. L.)
B733,	B	Swisstool AG.
B734	B	Szekely (George)
B735,	B	Szekeres (Alexander)
B736	B	Tanner (E.)
B737	B	Tatham (C. W. L.)
B737a	B	Tecalemit AG.
B738	B	Tecno AG.
B739,	B	Teplitz (Leo)
B740	B	Tettamanti (E.) & Co.
B741	B	Titan AG.
B742	B	Titan Auto-Service AG.
B743	B	Tobler (C. & H.)
B744	B	Tobler (Jacques) AG.
B745	B	Trachsler (A.)
B746,	B	Trachsler (J. H.) AG.
B747	B	Transelectric, Rübeli, Schenker & Co.
B748	B	Trauffer (Hans) AG.
B749	B	Tree & Co.
B750	B	Treu (Erwin)
B751	B	Tristar S.A.
B752,	B	Tritten (O.E.)
B753	B	Troeber-Rüesch (C.)
B754	B	Trudel AG.
B755	B	Tschander (Mario)
B756	B	Tschanz (Louis), Comptoir de la Parfumerie S.A.
B757	B	Tschudi (W.)
B758	B	Tschudin & Schneider
B759	B	Uhler (Oscar) & Cie.
B760	B	Uhlmann-Eyraud (F.) S.A.
B761	B	Ullmann’s Erben (Jacques)
B762	B	Union Romande & Amann S.A.
B763	B	Unisteel AG.
B764	B	Unitrade AG.
B765	B	Univers Handelsagentur AG.
B766	B	Ursprung (H.)
B767	B	Usine Genevoise de Dégrossissage d’Or
B768	B	Utila AG.
B769	B	V an Leisen S.A.
B770	B	Vaudaux (Gebr.),50
B771	B	Venezia (James)
B772	B	Verband Schweiz. Garnkonsumenten
B773	B	Vereinigte Schuhmaschinen AG.
B774	B	Viot (Charles)
B775	B	Voco AG.
B776	B	Vogel (AG.
B777	B	Vogel & Braun GmbH.
B778	B	Voigt & Co. AG.
B779	B	Vollmoeller Wirkwarenfabrik
B780	B	Von May & Co.
B781	B	Waag (Charles)
B782	B	Wachendorf (L.) & Cie.
B783	B	Waeffler & Co. AG.
B784	B	Waeger (Fritz)
B785	B	Waeny (J. & E.)
B786	B	Waetjen (C. H.), Lubrifiants Macmillan S.A.
B787	B	Wagons Lits/Cook
B788	B	Wahlenmeyer (W.)
B789	B	Walder (E. O.)
B790	B	Walder (Max)
B791	B	Walker & Cie.
B792	B	Walther (Robert)
B793	B	Wanner & Co. AG.
B794	B	Wasem & Olbrecht
B795	B	Waser & Co.
B796	B	Waspeba AG.
B797	B	Weber (Jean)
B798	B	Weddel (W.) & Co. Ltd.
B799	B	Wegmann (Emil)
B800	B	Wehrli (Hans)
B801	B	Weill (Theodor)
B802	B	Weinberger (I.)
B803	B	Weiss (Alex.)
B804	B	Weiss (M.) & Co. AG.
B805	B	Weissblech & Loetzinn AG.
B806	B	Weisser (Balduin) AG.
B807	B	Weisser (Emil) & Co.
B808	B	Weitnauer & Co.
B809	B	Weltex AG.
B810	B	Welti (Paul)
B811	B	Weltifurrer Internationale Transport AG.
B812	B	Werder (Gustav)
B813	B	Werkzeugmaschinenfabrik Oerlikon, Bührle & Co.
B814	B	Wernli (John) S. à r. l.
B815	B	Wertli (Ing. Alfred J.)
B816	B	Wetli's Erben (Edwin)
B817	B	Wetterwald (Hans)
B818	B	Wettler & Frey
B819	B	Widmer (A.) AG.
B820	B	Widmer-Huber (Adolf)
B821	B	Widmer (Marcel) & Co.
B822	B	Wiedmer (Percy)
B823	B	Wiessner (Dr. L.)
B824	B	Wild (D.)
B825	B	Wild (J.)
B826	B	Wild (Jean)
B827	B	Wildbolz (Werner)
B828	B	Willard (Georges)
B829	B	Willener, Rupp & Cie.
B830	B	Wolf (Paul) & Co.
B831	B	Woertz (Oskar)
B832	B	World Transport Agency Ltd.
B833	B	Wormser (Paul) & Co.
B834	B	Würtenberg (Albert)
B835	B	Wurzburger (Roger)
B836	B	Wyler (Paul)
B837	B	Ziegler (Desinfektionsmittelfabrik A.)
B838	B	Ziegler (Dr.) & Co. AG.
B839	B	Ziegler (Etablissements Henri)
B840	B	Zimmermann (Charles) & Co.
B841	B	Zimmermann (Robert) & Co.
B842	B	Zinggeler (R.) AG.
B843	B	Zivy (N.) & Co.
B844	B	Zubac Handels-AG.
B845	B	Zuber (A.)
B846	B	Zullig (K.)
B847	B	Zulliger (Rudolf)
B848	B	Zürcher & Co.
B849	B	Zwirnerei Stroppel AG.
